date,all_prizes
2025-09-25,76892 14520 23451 88032 55622 10001 33456 90877 44220 99120 05023 12290 11234
2025-09-26,11092 99110 55678 22220 44002 12003 56720 90456 77123 22001 66992
2025-09-27,123 2024 23 14 13 14 2025 123 1024 200 200 123 123 10 03 123 45 55 24 15 90 2024 06 24 639 80 10 100 153 153 255 255 255 255 255 255 099 5000 10 2024 06 24 1072 50 10 2024 06 24 1072 50 10 2024 06 24 1072 50 10 2025 08 28 1072 50 10 2025 08 28 999 1072 50 10 2025 08 28 999 1072 50 10 2024 08 26 1072 50 10 2024 08 04 1072 50 10 2024 08 02 1072 50 10 2025 08 18 1072 50 10 2024 08 26 1072 50 10 100 2025 08 31 1072 50 10 2025 08 31 1072 50 10 2025 08 31 1072 50 10 100 2025 09 15 1072 50 10 2025 04 19 1072 50 10 2025 04 19 1072 50 10 2025 03 22 900 99 1072 50 10 2025 03 22 900 99 1072 50 10 2024 06 24 1072 50 10 2024 06 24 1072 50 10 2025 08 24 1072 50 27 09 2025 2025 09 22 204 200 400 18 15 123 123 400 18 05 400 18 05 400 18 05 400 17 15 400 17 15 400 17 15 400 16 15 400 16 15 400 16 15 400 16 15 55 400 18 10 123 123 100 1848 2025 07 25 200 300 2024 08 02 200 300 2025 09 09 200 300 58786 2025 07 25 200 300 2025 09 09 200 300 2025 07 12 200 300 48300 2025 07 25 200 300 2024 12 16 200 300 200 300 2024 12 14 300 200 300 100 32 95 32 95 32 95 10 26 09 2025 10 26 09 2025 16 100 16 100 43223 43223 16 100 06370 06370 16 50 07755 07755 50 39198 39198 16 33 65462 65462 33 42631 42631 33 02891 02891 33 49996 49996 33 01741 01741 33 74067 74067 16 25 6277 6277 25 1038 1038 25 1364 1364 25 3271 3271 16 33 2987 2987 33 3034 3034 33 8336 8336 33 8235 8235 33 5526 5526 33 8921 8921 16 33 287 287 33 186 186 33 349 349 16 25 62 62 25 87 87 25 95 95 25 18 18 30 60 60 90 90 200 200 300 300 18 21 23 26 31 34 35 36 38 41 49 55 62 62 64 67 70 71 77 86 87 87 87 91 95 96 98 16 18 21 23 26 31 34 35 36 38 41 49 55 62 62 64 67 70 71 77 86 87 87 87 91 95 96 98 16 70 21 31 41 71 91 62 62 23 34 64 35 55 95 26 36 86 96 67 77 87 87 87 18 38 98 49 2025 09 26 123 123 26 09 2025 33 33 73 73 33 855 855 123 30 123 60 60 123 90 90 123 100 100 123 200 200 123 2025 09 26 26 09 2025 4673 4673 4673 2025 09 26 2022 08 26 530 50 80420 2025 09 23 530 50 09 26 09 2025 09 25 09 2025 09 24 09 2025 50 311 130 99 100 99 65 50 311 130 100 100 100 2025 08 30 311 150 2024 08 01 311 150 2025 05 20 900 99 311 150 99809 27 2025 99808 27 09 2025 99807 27 09 2025 99806 27 2025 99805 27 09 2025 99804 26 09 2025 99803 26 2025 99802 26 2025 99801 26 09 2025 99800 25 2025 2025 09 09 23323 2023 07 21 2024 09 25 311 150 50 311 130 2025 09 09 311 150 2025 03 31 311 150 50 311 160 160 2017 2024 08 14 200 200 2025 08 28 999 200 200
2025-09-28,123 2024 23 14 13 14 2025 123 1024 200 200 123 123 10 03 123 45 55 24 15 90 2024 06 24 639 80 10 100 153 153 255 255 255 255 255 255 099 5000 10 2024 06 24 1072 50 10 2024 06 24 1072 50 10 2024 06 24 1072 50 10 2025 08 28 1072 50 10 2025 08 28 999 1072 50 10 2025 08 28 999 1072 50 10 2024 08 26 1072 50 10 2024 08 04 1072 50 10 2024 08 02 1072 50 10 2025 08 18 1072 50 10 2024 08 26 1072 50 10 100 2025 08 31 1072 50 10 2025 08 31 1072 50 10 2025 08 31 1072 50 10 100 2025 09 15 1072 50 10 2025 04 19 1072 50 10 2025 04 19 1072 50 10 2025 03 22 900 99 1072 50 10 2025 03 22 900 99 1072 50 10 2024 06 24 1072 50 10 2024 06 24 1072 50 10 2025 08 24 1072 50 28 09 2025 2025 09 22 204 200 123 123 45 123 123 100 1848 2025 07 25 200 300 2024 08 02 200 300 2025 09 09 200 300 58786 2025 07 25 200 300 2025 09 09 200 300 2025 07 12 200 300 48300 2025 07 25 200 300 2024 12 16 200 300 200 300 2024 12 14 300 200 300 100 32 95 32 95 32 95 10 28 09 2025 10 28 09 2025 16 100 16 100 37606 37606 16 100 00431 00431 16 50 14719 14719 50 82174 82174 16 33 30950 30950 33 51269 51269 33 19416 19416 33 26182 26182 33 08810 08810 33 75594 75594 16 25 3591 3591 25 3139 3139 25 3351 3351 25 3890 3890 16 33 9934 9934 33 5989 5989 33 9429 9429 33 6727 6727 33 1803 1803 33 7802 7802 16 33 027 027 33 288 288 33 425 425 16 25 90 90 25 56 56 25 33 33 25 18 18 30 60 60 90 90 200 200 300 300 02 03 06 10 16 18 19 25 27 27 29 31 33 34 39 50 51 56 69 74 82 88 89 90 90 91 94 16 02 03 06 10 16 18 19 25 27 27 29 31 33 34 39 50 51 56 69 74 82 88 89 90 90 91 94 16 10 50 90 90 31 51 91 02 82 03 33 34 74 94 25 06 16 56 27 27 18 88 19 29 39 69 89 2025 09 28 123 123 28 09 2025 33 33 90 90 33 662 662 123 30 123 60 60 123 90 90 123 100 100 123 200 200 123 2025 09 28 28 09 2025 4871 4871 4871 2025 09 28 2022 08 26 530 50 80420 2025 09 23 530 50 09 28 09 2025 09 27 09 2025 09 26 09 2025 50 311 130 99 100 99 65 50 311 130 100 100 100 2025 08 30 311 150 2024 08 01 311 150 2025 05 20 900 99 311 150 99818 29 09 2025 99817 29 09 2025 99816 29 2025 99815 40 29 10 2025 99814 28 2025 99813 28 09 2025 99812 28 09 2025 99811 28 2025 99810 28 09 2025 99809 27 2025 2025 09 09 23323 2023 07 21 2024 09 25 311 150 50 311 130 2025 09 09 311 150 2025 03 31 311 150 50 311 160 160 2017 2024 08 14 200 200 2025 08 28 999 200 200
2025-09-29,123 2024 29 01 16 14 2025 123 1024 200 200 123 123 10 03 123 45 55 24 15 90 2024 06 24 639 80 10 100 153 153 255 255 255 255 255 255 099 5000 10 2024 06 24 1072 50 10 2024 06 24 1072 50 10 2024 06 24 1072 50 10 2025 08 28 1072 50 10 2025 08 28 999 1072 50 10 2025 08 28 999 1072 50 10 2024 08 26 1072 50 10 2024 08 04 1072 50 10 2024 08 02 1072 50 10 2025 08 18 1072 50 10 2024 08 26 1072 50 10 100 2025 08 31 1072 50 10 2025 08 31 1072 50 10 2025 08 31 1072 50 10 100 2025 09 15 1072 50 10 2025 04 19 1072 50 10 2025 04 19 1072 50 10 2025 03 22 900 99 1072 50 10 2025 03 22 900 99 1072 50 10 2024 06 24 1072 50 10 2024 06 24 1072 50 10 2025 08 24 1072 50 29 09 2025 2025 09 22 204 200 123 123 123 123 100 1848 2025 07 25 200 300 2024 08 02 200 300 2025 09 09 200 300 58786 2025 07 25 200 300 2025 09 09 200 300 2025 07 12 200 300 48300 2025 07 25 200 300 2024 12 16 200 300 200 300 2024 12 14 300 200 300 100 32 95 32 95 32 95 10 29 09 2025 10 29 09 2025 16 100 16 100 40750 40750 16 100 61108 61108 16 50 69358 69358 50 90154 90154 16 33 01848 01848 33 41575 41575 33 52069 52069 33 30677 30677 33 06435 06435 33 19052 19052 16 25 5325 5325 25 4890 4890 25 0644 0644 25 8286 8286 16 33 1767 1767 33 2599 2599 33 3392 3392 33 0331 0331 33 6704 6704 33 0463 0463 16 33 675 675 33 677 677 33 660 660 16 25 18 18 25 39 39 25 85 85 25 05 05 30 60 60 90 90 200 200 300 300 04 05 08 18 25 31 35 39 44 48 50 52 54 58 60 63 67 69 75 75 77 77 85 86 90 92 99 16 04 05 08 18 25 31 35 39 44 48 50 52 54 58 60 63 67 69 75 75 77 77 85 86 90 92 99 16 50 60 90 31 52 92 63 04 44 54 05 25 35 75 75 85 86 67 77 77 08 18 48 58 39 69 99 2025 09 29 123 123 29 09 2025 33 33 33 33 33 038 038 123 30 123 60 60 123 90 90 123 100 100 123 200 200 123 2025 09 29 29 09 2025 1146 1146 1146 2025 09 29 2022 08 26 530 50 80420 2025 09 23 530 50 09 29 09 2025 09 28 09 2025 09 27 09 2025 50 311 130 99 100 99 65 50 311 130 100 100 100 2025 08 30 311 150 2024 08 01 311 150 2025 05 20 900 99 311 150 99826 30 09 2024 99825 30 09 2025 99824 30 09 2025 99823 29 09 2025 99822 30 2025 99820 10 2025 99819 29 09 2025 99818 29 09 2025 99817 29 09 2025 99816 29 2025 2025 09 09 23323 2023 07 21 2024 09 25 311 150 50 311 130 2025 09 09 311 150 2025 03 31 311 150 50 311 160 160 2017 2024 08 14 200 200 2025 08 28 999 200 200
2025-09-30,123 2024 29 01 16 14 2025 123 1024 200 200 123 123 10 03 123 45 55 24 15 90 2024 06 24 639 80 10 100 153 153 255 255 255 255 255 255 099 5000 10 2024 06 24 1072 50 10 2024 06 24 1072 50 10 2024 06 24 1072 50 10 2025 08 28 1072 50 10 2025 08 28 999 1072 50 10 2025 08 28 999 1072 50 10 2024 08 26 1072 50 10 2024 08 04 1072 50 10 2024 08 02 1072 50 10 2025 08 18 1072 50 10 2024 08 26 1072 50 10 100 2025 08 31 1072 50 10 2025 08 31 1072 50 10 2025 08 31 1072 50 10 100 2025 09 15 1072 50 10 2025 04 19 1072 50 10 2025 04 19 1072 50 10 2025 03 22 900 99 1072 50 10 2025 03 22 900 99 1072 50 10 2024 06 24 1072 50 10 2024 06 24 1072 50 10 2025 08 24 1072 50 30 09 2025 2025 09 22 204 200 400 18 15 123 123 400 18 05 400 18 05 400 17 15 400 17 15 400 16 15 400 16 15 400 16 15 55 400 18 10 123 123 100 1848 2025 07 25 200 300 2024 08 02 200 300 2025 09 09 200 300 58786 2025 07 25 200 300 2025 09 09 200 300 2025 07 12 200 300 48300 2025 07 25 200 300 2024 12 16 200 300 200 300 2024 12 14 300 200 300 100 32 95 32 95 32 95 10 29 09 2025 10 29 09 2025 16 100 16 100 40750 40750 16 100 61108 61108 16 50 69358 69358 50 90154 90154 16 33 01848 01848 33 41575 41575 33 52069 52069 33 30677 30677 33 06435 06435 33 19052 19052 16 25 5325 5325 25 4890 4890 25 0644 0644 25 8286 8286 16 33 1767 1767 33 2599 2599 33 3392 3392 33 0331 0331 33 6704 6704 33 0463 0463 16 33 675 675 33 677 677 33 660 660 16 25 18 18 25 39 39 25 85 85 25 05 05 30 60 60 90 90 200 200 300 300 04 05 08 18 25 31 35 39 44 48 50 52 54 58 60 63 67 69 75 75 77 77 85 86 90 92 99 16 04 05 08 18 25 31 35 39 44 48 50 52 54 58 60 63 67 69 75 75 77 77 85 86 90 92 99 16 50 60 90 31 52 92 63 04 44 54 05 25 35 75 75 85 86 67 77 77 08 18 48 58 39 69 99 2025 09 29 123 123 29 09 2025 33 33 33 33 33 038 038 123 30 123 60 60 123 90 90 123 100 100 123 200 200 123 2025 09 29 29 09 2025 1146 1146 1146 2025 09 29 2022 08 26 530 50 80420 2025 09 23 530 50 09 29 09 2025 09 28 09 2025 09 27 09 2025 50 311 130 99 100 99 65 50 311 130 100 100 100 2025 08 30 311 150 2024 08 01 311 150 2025 05 20 900 99 311 150 99840 10 2025 99839 10 2025 99838 10 2025 99837 10 2025 99836 10 2025 99835 30 09 2025 99834 10 2025 99833 10 2025 99832 10 2025 99831 10 2025 2025 09 09 23323 2023 07 21 2024 09 25 311 150 50 311 130 2025 09 09 311 150 2025 03 31 311 150 50 311 160 160 2017 2024 08 14 200 200 2025 08 28 999 200 200
2025-10-01,123 2024 29 01 16 14 2025 123 1024 200 200 123 123 10 03 123 45 55 24 15 90 2024 06 24 639 80 10 100 153 153 255 255 255 255 255 255 099 5000 10 2024 06 24 1072 50 10 2024 06 24 1072 50 10 2024 06 24 1072 50 10 2025 08 28 1072 50 10 2025 08 28 999 1072 50 10 2025 08 28 999 1072 50 10 2024 08 26 1072 50 10 2024 08 04 1072 50 10 2024 08 02 1072 50 10 2025 08 18 1072 50 10 2024 08 26 1072 50 10 100 2025 08 31 1072 50 10 2025 08 31 1072 50 10 2025 08 31 1072 50 10 100 2025 09 15 1072 50 10 153 2025 10 01 1072 50 10 2025 04 19 1072 50 10 2025 04 19 1072 50 10 2025 03 22 900 99 1072 50 10 2025 03 22 900 99 1072 50 10 2024 06 24 1072 50 10 2024 06 24 1072 50 10 2025 08 24 1072 50 01 10 2025 2025 09 22 204 200 123 123 45 123 123 100 1848 2025 07 25 200 300 2024 08 02 200 300 2025 09 09 200 300 58786 2025 07 25 200 300 2025 09 09 200 300 2025 07 12 200 300 48300 2025 07 25 200 300 2024 12 16 200 300 200 300 2024 12 14 300 200 300 100 32 95 32 95 32 95 10 01 10 2025 10 01 10 2025 16 100 16 100 05683 05683 16 100 38747 38747 16 50 39877 39877 50 22237 22237 16 33 18199 18199 33 52453 52453 33 19239 19239 33 18143 18143 33 53579 53579 33 81544 81544 16 25 1501 1501 25 7869 7869 25 5195 5195 25 6511 6511 16 33 5556 5556 33 0322 0322 33 9662 9662 33 6206 6206 33 5174 5174 33 9285 9285 16 33 480 480 33 907 907 33 816 816 16 25 08 08 25 56 56 25 80 80 25 54 54 30 60 60 90 90 200 200 300 300 01 06 07 08 11 16 22 37 39 43 44 47 53 54 56 56 62 69 74 77 79 80 80 83 85 95 99 16 01 06 07 08 11 16 22 37 39 43 44 47 53 54 56 56 62 69 74 77 79 80 80 83 85 95 99 16 80 80 01 11 22 62 43 53 83 44 54 74 85 95 06 16 56 56 07 37 47 77 08 39 69 79 99 2025 10 01 123 123 01 10 2025 33 33 75 75 33 474 474 123 30 123 60 60 123 90 90 123 100 100 123 200 200 123 2025 10 01 01 10 2025 16 67 01 01 16 67 06 06 16 67 14 14 16 67 21 21 16 67 29 29 16 67 30 30 30 60 60 90 90 100 100 200 200 636 2025 10 01 01 10 2025 2339 2339 2339 2025 10 01 2022 08 26 530 50 80420 2025 09 23 530 50 10 01 10 2025 09 30 09 2025 09 29 09 2025 50 311 130 99 100 99 65 50 311 130 100 100 100 2025 08 30 311 150 2024 08 01 311 150 2025 05 20 900 99 311 150 99850 02 10 2025 99849 02 10 2025 99848 02 10 2025 99847 01 10 2025 99846 02 10 2025 99845 10 99844 01 10 2025 99843 01 10 2025 99842 01 10 2025 99841 01 10 2025 2025 09 09 23323 2023 07 21 2024 09 25 311 150 50 311 130 2025 09 09 311 150 2025 03 31 311 150 50 311 160 160 2017 2024 08 14 200 200 2025 08 28 999 200 200
2025-10-02,123 2024 29 01 16 14 2025 123 1024 200 200 123 123 10 03 123 45 55 24 15 90 2024 06 24 639 80 10 100 153 153 255 255 255 255 255 255 099 5000 10 2024 06 24 1072 50 10 2024 06 24 1072 50 10 2024 06 24 1072 50 10 2025 08 28 1072 50 10 2025 08 28 999 1072 50 10 2025 08 28 999 1072 50 10 2024 08 26 1072 50 10 2024 08 04 1072 50 10 2024 08 02 1072 50 10 2025 08 18 1072 50 10 2024 08 26 1072 50 10 100 2025 08 31 1072 50 10 2025 08 31 1072 50 10 2025 08 31 1072 50 10 100 2025 09 15 1072 50 10 153 2025 10 01 1072 50 10 2025 04 19 1072 50 10 2025 04 19 1072 50 10 2025 03 22 900 99 1072 50 10 2025 03 22 900 99 1072 50 10 2024 06 24 1072 50 10 2024 06 24 1072 50 10 2025 08 24 1072 50 02 10 2025 2025 09 22 204 200 123 123 55 123 123 100 1848 2025 07 25 200 300 2024 08 02 200 300 2025 09 09 200 300 58786 2025 07 25 200 300 2025 09 09 200 300 2025 07 12 200 300 48300 2025 07 25 200 300 2024 12 16 200 300 200 300 2024 12 14 300 200 300 100 32 95 32 95 32 95 10 02 10 2025 10 02 10 2025 16 100 16 100 34147 34147 16 100 51103 51103 16 50 49544 49544 50 86481 86481 16 33 90811 90811 33 51516 51516 33 19617 19617 33 04734 04734 33 85953 85953 33 92923 92923 16 25 4987 4987 25 9659 9659 25 9876 9876 25 6027 6027 16 33 8790 8790 33 8150 8150 33 8709 8709 33 6689 6689 33 0878 0878 33 2994 2994 16 33 967 967 33 679 679 33 796 796 16 25 72 72 25 26 26 25 44 44 25 42 42 30 60 60 90 90 200 200 300 300 03 09 11 16 17 23 26 27 34 42 44 44 47 50 53 59 67 72 76 78 79 81 87 89 90 94 96 16 03 09 11 16 17 23 26 27 34 42 44 44 47 50 53 59 67 72 76 78 79 81 87 89 90 94 96 16 50 90 11 81 42 72 03 23 53 34 44 44 94 16 26 76 96 17 27 47 67 87 78 09 59 79 89 2025 10 02 123 123 02 10 2025 33 33 73 73 33 369 369 123 30 123 60 60 123 90 90 123 100 100 123 200 200 123 2025 10 02 02 10 2025 6532 6532 6532 2025 10 02 2022 08 26 530 50 80420 2025 09 23 530 50 10 02 10 2025 10 01 10 2025 09 30 09 2025 50 311 130 99 100 99 65 50 311 130 100 100 100 2025 08 30 311 150 2024 08 01 311 150 2025 05 20 900 99 311 150 99854 03 10 2025 99853 03 10 2025 99852 03 10 2025 99851 03 10 2025 99850 02 10 2025 99849 02 10 2025 99848 02 10 2025 99847 01 10 2025 99846 02 10 2025 99845 10 2025 09 09 23323 2023 07 21 2024 09 25 311 150 50 311 130 2025 09 09 311 150 2025 03 31 311 150 50 311 160 160 2017 2024 08 14 200 200 2025 08 28 999 200 200
2025-10-03,123 2024 29 01 16 14 2025 123 1024 200 200 123 123 10 03 123 45 55 24 15 90 2024 06 24 639 80 10 100 153 153 255 255 255 255 255 255 099 5000 10 2024 06 24 1072 50 10 2024 06 24 1072 50 10 2024 06 24 1072 50 10 2025 08 28 1072 50 10 2025 08 28 999 1072 50 10 2025 08 28 999 1072 50 10 2024 08 26 1072 50 10 2024 08 04 1072 50 10 2024 08 02 1072 50 10 2025 08 18 1072 50 10 2024 08 26 1072 50 10 100 2025 08 31 1072 50 10 2025 08 31 1072 50 10 2025 08 31 1072 50 10 100 2025 09 15 1072 50 10 153 2025 10 01 1072 50 10 2025 04 19 1072 50 10 2025 04 19 1072 50 10 2025 03 22 900 99 1072 50 10 2025 03 22 900 99 1072 50 10 2024 06 24 1072 50 10 2024 06 24 1072 50 10 2025 08 24 1072 50 03 10 2025 2025 09 22 204 200 123 123 45 123 123 100 1848 2025 07 25 200 300 2024 08 02 200 300 2025 09 09 200 300 58786 2025 07 25 200 300 2025 09 09 200 300 2025 07 12 200 300 48300 2025 07 25 200 300 2024 12 16 200 300 200 300 2024 12 14 300 200 300 100 32 95 32 95 32 95 10 03 10 2025 10 03 10 2025 16 100 16 100 02109 02109 16 100 75645 75645 16 50 05394 05394 50 01433 01433 16 33 10667 10667 33 10360 10360 33 95881 95881 33 96699 96699 33 95987 95987 33 32145 32145 16 25 2639 2639 25 7669 7669 25 5881 5881 25 3688 3688 16 33 1813 1813 33 3145 3145 33 1455 1455 33 7976 7976 33 5206 5206 33 9804 9804 16 33 904 904 33 857 857 33 965 965 16 25 68 68 25 48 48 25 77 77 25 56 56 30 60 60 90 90 200 200 300 300 04 04 06 09 13 33 39 45 45 45 48 55 56 57 60 65 67 68 69 76 77 81 81 87 88 94 99 16 04 04 06 09 13 33 39 45 45 45 48 55 56 57 60 65 67 68 69 76 77 81 81 87 88 94 99 16 60 81 81 13 33 04 04 94 45 45 45 55 65 06 56 76 57 67 77 87 48 68 88 09 39 69 99 2025 10 03 123 123 03 10 2025 33 33 17 17 33 133 133 123 30 123 60 60 123 90 90 123 100 100 123 200 200 123 2025 10 03 03 10 2025 3838 3838 3838 2025 10 03 2022 08 26 530 50 80420 2025 09 23 530 50 10 03 10 2025 10 02 10 2025 10 01 10 2025 50 311 130 99 100 99 65 50 311 130 100 100 100 2025 08 30 311 150 2024 08 01 311 150 2025 05 20 900 99 311 150 99857 04 10 2025 99856 04 10 2025 99855 10 2025 99854 03 10 2025 99853 03 10 2025 99852 03 10 2025 99851 03 10 2025 99850 02 10 2025 99849 02 10 2025 99848 02 10 2025 2025 09 09 23323 2023 07 21 2024 09 25 311 150 50 311 130 2025 09 09 311 150 2025 03 31 311 150 50 311 160 160 2017 2024 08 14 200 200 2025 08 28 999 200 200
2025-10-04,123 2024 29 01 16 14 2025 123 1024 200 200 123 123 10 03 123 45 55 24 15 90 2024 06 24 639 80 10 100 153 153 255 255 255 255 255 255 099 5000 10 2024 06 24 1072 50 10 2024 06 24 1072 50 10 2024 06 24 1072 50 10 2025 08 28 1072 50 10 2025 08 28 999 1072 50 10 2025 08 28 999 1072 50 10 2024 08 26 1072 50 10 2024 08 04 1072 50 10 2024 08 02 1072 50 10 2025 08 18 1072 50 10 2024 08 26 1072 50 10 100 2025 08 31 1072 50 10 2025 08 31 1072 50 10 2025 08 31 1072 50 10 100 2025 09 15 1072 50 10 153 2025 10 01 1072 50 10 2025 04 19 1072 50 10 2025 04 19 1072 50 10 2025 03 22 900 99 1072 50 10 2025 03 22 900 99 1072 50 10 2024 06 24 1072 50 10 2024 06 24 1072 50 10 2025 08 24 1072 50 04 10 2025 2025 09 22 204 200 123 123 55 123 123 100 1848 2025 07 25 200 300 2024 08 02 200 300 2025 09 09 200 300 58786 2025 07 25 200 300 2025 09 09 200 300 2025 07 12 200 300 48300 2025 07 25 200 300 2024 12 16 200 300 200 300 2024 12 14 300 200 300 100 32 95 32 95 32 95 10 04 10 2025 10 04 10 2025 16 100 16 100 40205 40205 16 100 08072 08072 16 50 44224 44224 50 44370 44370 16 33 09523 09523 33 85775 85775 33 52458 52458 33 56810 56810 33 11719 11719 33 73704 73704 16 25 2232 2232 25 5414 5414 25 7342 7342 25 2266 2266 16 33 3312 3312 33 0839 0839 33 0187 0187 33 0217 0217 33 0877 0877 33 3745 3745 16 33 817 817 33 665 665 33 154 154 16 25 05 05 25 04 04 25 68 68 25 63 63 30 60 60 90 90 200 200 300 300 04 04 05 05 10 12 14 17 17 19 23 24 32 39 42 45 54 58 63 65 66 68 70 72 75 77 87 16 04 04 05 05 10 12 14 17 17 19 23 24 32 39 42 45 54 58 63 65 66 68 70 72 75 77 87 16 10 70 12 32 42 72 23 63 04 04 14 24 54 05 05 45 65 75 66 17 17 77 87 58 68 19 39 2025 10 04 123 123 04 10 2025 33 33 31 31 33 109 109 123 30 123 60 60 123 90 90 123 100 100 123 200 200 123 2025 10 04 04 10 2025 16 67 03 03 16 67 07 07 16 67 08 08 16 67 15 15 16 67 17 17 16 67 24 24 30 60 60 90 90 100 100 200 200 636 2025 10 04 04 10 2025 2025 10 04 2022 08 26 530 50 80420 2025 09 23 530 50 10 04 10 2025 10 03 10 2025 10 02 10 2025 50 311 130 99 100 99 65 50 311 130 100 100 100 2025 08 30 311 150 2024 08 01 311 150 2025 05 20 900 99 311 150 99863 10 2025 99862 05 10 2025 99861 05 10 2025 99860 05 10 2025 99859 05 10 2025 99858 04 10 2025 99857 04 10 2025 99856 04 10 2025 99855 10 2025 99854 03 10 2025 2025 09 09 23323 2023 07 21 2024 09 25 311 150 50 311 130 2025 09 09 311 150 2025 03 31 311 150 50 311 160 160 2017 2024 08 14 200 200 2025 08 28 999 200 200
2025-10-05,123 2024 29 01 16 14 2025 123 1024 200 200 123 123 10 03 123 45 55 24 15 90 2024 06 24 639 80 10 100 153 153 255 255 255 255 255 255 099 5000 10 2024 06 24 1072 50 10 2024 06 24 1072 50 10 2024 06 24 1072 50 10 2025 08 28 1072 50 10 2025 08 28 999 1072 50 10 2025 08 28 999 1072 50 10 2024 08 26 1072 50 10 2024 08 04 1072 50 10 2024 08 02 1072 50 10 2025 08 18 1072 50 10 2024 08 26 1072 50 10 100 2025 08 31 1072 50 10 2025 08 31 1072 50 10 2025 08 31 1072 50 10 100 2025 09 15 1072 50 10 153 2025 10 01 1072 50 10 2025 04 19 1072 50 10 2025 04 19 1072 50 10 2025 03 22 900 99 1072 50 10 2025 03 22 900 99 1072 50 10 2024 06 24 1072 50 10 2024 06 24 1072 50 10 2025 08 24 1072 50 05 10 2025 2025 09 22 204 200 123 123 45 123 123 100 1848 2025 07 25 200 300 2024 08 02 200 300 2025 09 09 200 300 58786 2025 07 25 200 300 2025 09 09 200 300 2025 07 12 200 300 48300 2025 07 25 200 300 2024 12 16 200 300 200 300 2024 12 14 300 200 300 100 32 95 32 95 32 95 10 05 10 2025 10 05 10 2025 16 100 16 100 38445 38445 16 100 27255 27255 16 50 14580 14580 50 81191 81191 16 33 79686 79686 33 86946 86946 33 74048 74048 33 13452 13452 33 35216 35216 33 88599 88599 16 25 9486 9486 25 6361 6361 25 6087 6087 25 6117 6117 16 33 9765 9765 33 4424 4424 33 7068 7068 33 0829 0829 33 3369 3369 33 4580 4580 16 33 993 993 33 271 271 33 906 906 16 25 69 69 25 25 25 25 16 16 25 14 14 30 60 60 90 90 200 200 300 300 06 14 16 16 17 24 25 29 45 46 48 52 55 61 65 68 69 69 71 80 80 86 86 87 91 93 99 16 06 14 16 16 17 24 25 29 45 46 48 52 55 61 65 68 69 69 71 80 80 86 86 87 91 93 99 16 80 80 61 71 91 52 93 14 24 25 45 55 65 06 16 16 46 86 86 17 87 48 68 29 69 69 99 2025 10 05 123 123 05 10 2025 33 33 04 04 33 758 758 123 30 123 60 60 123 90 90 123 100 100 123 200 200 123 2025 10 05 05 10 2025 0808 0808 0808 2025 10 05 2022 08 26 530 50 80420 2025 09 23 530 50 10 05 10 2025 10 04 10 2025 10 03 10 2025 50 311 130 99 100 99 65 50 311 130 100 100 100 2025 08 30 311 150 2024 08 01 311 150 2025 05 20 900 99 311 150 99868 06 10 2025 99867 10 2025 99866 41 12 10 2025 99865 06 10 2025 99864 06 10 2025 99863 10 2025 99862 05 10 2025 99861 05 10 2025 99860 05 10 2025 99859 05 10 2025 2025 09 09 23323 2023 07 21 2024 09 25 311 150 50 311 130 2025 09 09 311 150 2025 03 31 311 150 50 311 160 160 2017 2024 08 14 200 200 2025 08 28 999 200 200
2025-10-06,123 2024 29 01 16 14 2025 123 1024 200 200 123 123 10 03 123 45 55 24 15 90 2024 06 24 639 80 10 100 153 153 255 255 255 255 255 255 099 5000 10 2024 06 24 1072 50 10 2024 06 24 1072 50 10 2024 06 24 1072 50 10 2025 08 28 1072 50 10 2025 08 28 999 1072 50 10 2025 08 28 999 1072 50 10 2024 08 26 1072 50 10 2024 08 04 1072 50 10 2024 08 02 1072 50 10 2025 08 18 1072 50 10 2024 08 26 1072 50 10 100 2025 08 31 1072 50 10 2025 08 31 1072 50 10 2025 08 31 1072 50 10 2025 09 15 1072 50 10 2025 10 01 1072 50 10 2025 04 19 1072 50 10 2025 04 19 1072 50 10 2025 03 22 900 99 1072 50 10 2025 03 22 900 99 1072 50 10 2024 06 24 1072 50 10 2024 06 24 1072 50 10 2025 08 24 1072 50 06 10 2025 2025 09 22 204 200 123 123 123 123 100 1848 2025 07 25 200 300 2024 08 02 200 300 2025 09 09 200 300 58786 2025 07 25 200 300 2025 09 09 200 300 2025 07 12 200 300 48300 2025 07 25 200 300 2024 12 16 200 300 200 300 2024 12 14 300 200 300 100 32 95 32 95 32 95 10 06 10 2025 10 06 10 2025 16 100 16 100 28021 28021 16 100 56031 56031 16 50 10444 10444 50 20103 20103 16 33 29504 29504 33 10522 10522 33 64248 64248 33 68392 68392 33 55111 55111 33 31661 31661 16 25 5508 5508 25 3127 3127 25 7257 7257 25 1133 1133 16 33 5001 5001 33 5591 5591 33 5433 5433 33 1809 1809 33 8292 8292 33 0548 0548 16 33 626 626 33 040 040 33 985 985 16 25 10 10 25 46 46 25 91 91 25 25 25 30 60 60 90 90 200 200 300 300 01 03 04 08 09 10 11 21 22 25 26 27 31 33 33 40 44 46 48 48 57 61 85 91 91 92 92 16 01 03 04 08 09 10 11 21 22 25 26 27 31 33 33 40 44 46 48 48 57 61 85 91 91 92 92 16 10 40 01 11 21 31 61 91 91 22 92 92 03 33 33 04 44 25 85 26 46 27 57 08 48 48 09 2025 10 06 123 123 06 10 2025 33 33 07 07 33 069 069 123 30 123 60 60 123 90 90 123 100 100 123 200 200 123 2025 10 06 06 10 2025 8250 8250 8250 2025 10 06 2022 08 26 530 50 80420 2025 09 23 530 50 10 06 10 2025 10 05 10 2025 10 04 10 2025 50 311 130 99 100 99 65 50 311 130 100 100 100 2025 08 30 311 150 2025 10 06 311 150 2025 05 20 900 99 311 150 99875 11 2025 99874 07 10 2024 99873 07 10 2025 99872 07 10 2025 99871 07 10 2025 99870 10 2025 99869 06 10 2025 99868 06 10 2025 99867 10 2025 99866 41 12 10 2025 2025 09 09 23323 2023 07 21 2024 09 25 311 150 50 311 130 2025 09 09 311 150 2025 03 31 311 150 50 311 160 160 2017 2024 08 14 200 200 2025 10 06 999 200 200
2025-10-07,123 2024 29 01 16 14 2025 123 1024 200 200 123 123 10 03 123 45 55 24 15 90 2024 06 24 639 80 10 100 153 153 255 255 255 255 255 255 099 5000 10 2024 06 24 1072 50 10 2024 06 24 1072 50 10 2024 06 24 1072 50 10 2025 10 07 1072 50 10 2025 08 28 999 1072 50 10 2025 08 28 999 1072 50 10 2024 08 26 1072 50 10 2024 08 04 1072 50 10 2024 08 02 1072 50 10 2025 08 18 1072 50 10 2024 08 26 1072 50 10 100 2025 08 31 1072 50 10 2025 08 31 1072 50 10 2025 08 31 1072 50 10 2025 09 15 1072 50 10 2025 10 01 1072 50 10 2025 04 19 1072 50 10 2025 04 19 1072 50 10 2025 03 22 900 99 1072 50 10 2025 03 22 900 99 1072 50 10 2024 06 24 1072 50 10 2024 06 24 1072 50 10 2025 08 24 1072 50 07 10 2025 2025 09 22 204 200 123 123 55 123 123 100 1848 2025 07 25 200 300 2024 08 02 200 300 2025 09 09 200 300 58786 2025 07 25 200 300 2025 09 09 200 300 2025 07 12 200 300 48300 2025 07 25 200 300 2024 12 16 200 300 200 300 2024 12 14 300 200 300 100 32 95 32 95 32 95 10 07 10 2025 10 07 10 2025 16 100 16 100 42525 42525 16 100 06479 06479 16 50 87963 87963 50 56902 56902 16 33 79953 79953 33 16815 16815 33 17284 17284 33 91805 91805 33 09364 09364 33 91368 91368 16 25 7412 7412 25 1118 1118 25 0761 0761 25 0634 0634 16 33 9389 9389 33 7234 7234 33 3928 3928 33 3440 3440 33 3945 3945 33 6237 6237 16 33 538 538 33 998 998 33 895 895 16 25 62 62 25 41 41 25 65 65 25 07 07 30 60 60 90 90 200 200 300 300 02 05 07 12 15 18 25 28 34 34 37 38 40 41 45 53 61 62 63 64 65 68 79 84 89 95 98 16 02 05 07 12 15 18 25 28 34 34 37 38 40 41 45 53 61 62 63 64 65 68 79 84 89 95 98 16 40 41 61 02 12 62 53 63 34 34 64 84 05 15 25 45 65 95 07 37 18 28 38 68 98 79 89 2025 10 07 123 123 07 10 2025 33 33 25 25 33 345 345 123 30 123 60 60 123 90 90 123 100 100 123 200 200 123 2025 10 07 07 10 2025 0340 0340 0340 2025 10 07 2022 08 26 530 50 80420 2025 09 23 530 50 10 07 10 2025 10 06 10 2025 10 05 10 2025 50 311 130 99 100 99 65 50 311 130 100 100 100 2025 08 30 311 150 2025 10 06 311 150 2025 05 20 900 99 311 150 99877 08 10 2025 99876 08 10 2025 99875 11 2025 99874 07 10 2024 99873 07 10 2025 99872 07 10 2025 99871 07 10 2025 99870 10 2025 99869 06 10 2025 99868 06 10 2025 2025 09 09 23323 2023 07 21 2024 09 25 311 150 50 311 130 2025 09 09 311 150 2025 03 31 311 150 50 311 160 160 2017 2024 08 14 200 200 2025 10 06 999 200 200
2025-10-08,123 2024 29 01 16 14 2025 123 1024 200 200 123 123 10 03 123 45 55 24 15 90 2024 06 24 639 80 10 100 153 153 255 255 255 255 255 255 099 5000 10 2024 06 24 1072 50 10 2024 06 24 1072 50 10 2024 06 24 1072 50 10 2025 10 07 1072 50 10 2025 08 28 999 1072 50 10 2025 08 28 999 1072 50 10 2024 08 26 1072 50 10 2024 08 04 1072 50 10 2024 08 02 1072 50 10 2025 08 18 1072 50 10 2024 08 26 1072 50 10 100 2025 08 31 1072 50 10 2025 08 31 1072 50 10 2025 08 31 1072 50 10 2025 09 15 1072 50 10 2025 10 01 1072 50 10 2025 04 19 1072 50 10 2025 04 19 1072 50 10 2025 03 22 900 99 1072 50 10 2025 03 22 900 99 1072 50 10 2024 06 24 1072 50 10 2024 06 24 1072 50 10 2025 08 24 1072 50 08 10 2025 2025 09 22 204 200 123 123 45 123 123 100 1848 2025 07 25 200 300 2024 08 02 200 300 2025 09 09 200 300 58786 2025 07 25 200 300 2025 09 09 200 300 2025 07 12 200 300 48300 2025 07 25 200 300 2024 12 16 200 300 200 300 2024 12 14 300 200 300 100 32 95 32 95 32 95 10 08 10 2025 10 08 10 2025 16 100 16 100 16533 16533 16 100 91202 91202 16 50 07503 07503 50 52128 52128 16 33 42177 42177 33 76632 76632 33 98927 98927 33 95417 95417 33 99904 99904 33 30224 30224 16 25 2052 2052 25 2647 2647 25 2059 2059 25 7265 7265 16 33 7707 7707 33 2361 2361 33 3819 3819 33 3063 3063 33 2427 2427 33 5052 5052 16 33 006 006 33 820 820 33 579 579 16 25 14 14 25 64 64 25 62 62 25 83 83 30 60 60 90 90 200 200 300 300 02 03 04 06 07 14 17 19 20 24 27 27 28 32 33 47 52 52 59 61 62 63 64 65 77 79 83 16 02 03 04 06 07 14 17 19 20 24 27 27 28 32 33 47 52 52 59 61 62 63 64 65 77 79 83 16 20 61 02 32 52 52 62 03 33 63 83 04 14 24 64 65 06 07 17 27 27 47 77 28 19 59 79 2025 10 08 123 123 08 10 2025 33 33 99 99 33 024 024 123 30 123 60 60 123 90 90 123 100 100 123 200 200 123 2025 10 08 08 10 2025 16 67 05 05 16 67 16 16 16 67 20 20 16 67 23 23 16 67 24 24 16 67 33 33 30 60 60 90 90 100 100 200 200 636 2025 10 08 08 10 2025 2025 10 08 2022 08 26 530 50 80420 2025 09 23 530 50 10 08 10 2025 10 07 10 2025 10 06 10 2025 50 311 130 99 100 99 65 50 311 130 100 100 100 2025 08 30 311 150 2025 10 08 311 150 2025 10 08 311 150 99882 09 10 2025 99881 09 10 2025 99880 09 10 2025 99879 08 10 2025 99878 10 2025 99877 08 10 2025 99876 08 10 2025 99875 11 2025 99874 07 10 2024 99873 07 10 2025 2025 09 09 23323 2023 07 21 2024 09 25 311 150 50 311 130 2025 09 09 311 150 2025 03 31 311 150 50 311 160 160 2017 2024 08 14 200 200 2025 10 06 999 200 200
2025-10-09,123 2024 29 01 16 14 2025 123 1024 200 200 123 123 10 03 123 45 55 24 15 90 2024 06 24 639 80 10 100 153 153 255 255 255 255 255 255 099 5000 10 2024 06 24 1072 50 10 2024 06 24 1072 50 10 2024 06 24 1072 50 10 2025 10 07 1072 50 10 2025 08 28 999 1072 50 10 2025 08 28 999 1072 50 10 2024 08 26 1072 50 10 2024 08 04 1072 50 10 2024 08 02 1072 50 10 2025 08 18 1072 50 10 2024 08 26 1072 50 10 100 2025 08 31 1072 50 10 2025 08 31 1072 50 10 2025 08 31 1072 50 10 2025 09 15 1072 50 10 2025 10 01 1072 50 10 2025 04 19 1072 50 10 2025 04 19 1072 50 10 2025 03 22 900 99 1072 50 10 2025 03 22 900 99 1072 50 10 2024 06 24 1072 50 10 2024 06 24 1072 50 10 2025 08 24 1072 50 09 10 2025 2025 09 22 204 200 123 123 55 123 123 100 1848 2025 07 25 200 300 2024 08 02 200 300 2025 09 09 200 300 58786 2025 07 25 200 300 2025 09 09 200 300 2025 07 12 200 300 48300 2025 07 25 200 300 2024 12 16 200 300 200 300 2024 12 14 300 200 300 100 32 95 32 95 32 95 10 09 10 2025 10 09 10 2025 16 100 16 100 09565 09565 16 100 14729 14729 16 50 68722 68722 50 61754 61754 16 33 41093 41093 33 33880 33880 33 22844 22844 33 39220 39220 33 89108 89108 33 22328 22328 16 25 4631 4631 25 1236 1236 25 6574 6574 25 0622 0622 16 33 6850 6850 33 3557 3557 33 0740 0740 33 6760 6760 33 9439 9439 33 9164 9164 16 33 592 592 33 108 108 33 449 449 16 25 76 76 25 24 24 25 77 77 25 01 01 30 60 60 90 90 200 200 300 300 01 08 08 20 22 22 24 28 29 31 36 39 40 44 49 50 54 57 60 64 65 74 76 77 80 92 93 16 01 08 08 20 22 22 24 28 29 31 36 39 40 44 49 50 54 57 60 64 65 74 76 77 80 92 93 16 20 40 50 60 80 01 31 22 22 92 93 24 44 54 64 74 65 36 76 57 77 08 08 28 29 39 49 2025 10 09 123 123 09 10 2025 33 33 42 42 33 124 124 123 30 123 60 60 123 90 90 123 100 100 123 200 200 123 2025 10 09 09 10 2025 1255 1255 1255 2025 10 09 2022 08 26 530 50 80420 2025 09 23 530 50 10 09 10 2025 10 08 10 2025 10 07 10 2025 50 311 130 99 100 99 65 50 311 130 100 100 100 2025 08 30 311 150 2025 10 08 311 150 2025 10 08 311 150 99890 10 10 2025 99889 10 10 2025 99888 10 10 2025 99887 10 10 2025 99885 10 10 2025 99884 09 10 2025 99883 10 2025 99882 09 10 2025 99881 09 10 2025 99880 09 10 2025 2025 09 09 23323 2023 07 21 2024 09 25 311 150 50 311 130 2025 09 09 311 150 2025 03 31 311 150 50 311 160 160 2017 2024 08 14 200 200 2025 10 06 999 200 200
2025-10-10,123 2024 29 01 16 14 2025 123 1024 200 200 123 123 10 03 123 45 55 24 15 90 2024 06 24 639 80 10 100 153 153 255 255 255 255 255 255 099 5000 10 2024 06 24 1072 50 10 2024 06 24 1072 50 10 2024 06 24 1072 50 10 2025 10 07 1072 50 10 2025 08 28 999 1072 50 10 2025 08 28 999 1072 50 10 2024 08 26 1072 50 10 2024 08 04 1072 50 10 2024 08 02 1072 50 10 2025 08 18 1072 50 10 2024 08 26 1072 50 10 100 2025 08 31 1072 50 10 2025 08 31 1072 50 10 2025 08 31 1072 50 10 2025 09 15 1072 50 10 2025 10 01 1072 50 10 2025 04 19 1072 50 10 2025 04 19 1072 50 10 2025 03 22 900 99 1072 50 10 2025 03 22 900 99 1072 50 10 2024 06 24 1072 50 10 2024 06 24 1072 50 10 2025 08 24 1072 50 10 10 2025 2025 09 22 204 200 123 123 45 123 123 100 1848 2025 07 25 200 300 2024 08 02 200 300 2025 09 09 200 300 58786 2025 07 25 200 300 2025 09 09 200 300 2025 07 12 200 300 48300 2025 07 25 200 300 2024 12 16 200 300 200 300 2024 12 14 300 200 300 100 32 95 32 95 32 95 10 10 10 2025 10 10 10 2025 16 100 16 100 01640 01640 16 100 54778 54778 16 50 58480 58480 50 54921 54921 16 33 50749 50749 33 94670 94670 33 56818 56818 33 51058 51058 33 03833 03833 33 71888 71888 16 25 8299 8299 25 6500 6500 25 7568 7568 25 0321 0321 16 33 2625 2625 33 5349 5349 33 0601 0601 33 2158 2158 33 8746 8746 33 0990 0990 16 33 034 034 33 005 005 33 095 095 16 25 41 41 25 71 71 25 90 90 25 42 42 30 60 60 90 90 200 200 300 300 00 01 05 18 21 21 25 33 34 40 41 42 46 49 49 58 58 68 70 71 78 80 88 90 90 95 99 16 00 01 05 18 21 21 25 33 34 40 41 42 46 49 49 58 58 68 70 71 78 80 88 90 90 95 99 16 00 40 70 80 90 90 01 21 21 41 71 42 33 34 05 25 95 46 18 58 58 68 78 88 49 49 99 2025 10 10 123 123 10 10 2025 33 33 03 03 33 021 021 123 30 123 60 60 123 90 90 123 100 100 123 200 200 123 2025 10 10 10 10 2025 0945 0945 0945 2025 10 10 2022 08 26 530 50 80420 2025 09 23 530 50 10 10 10 2025 10 09 10 2025 10 08 10 2025 50 311 130 99 100 99 65 50 311 130 100 100 100 2025 08 30 311 150 2025 10 08 311 150 2025 10 08 311 150 99893 11 10 2025 99892 11 10 2025 99891 11 10 2025 99890 10 10 2025 99889 10 10 2025 99888 10 10 2025 99887 10 10 2025 99885 10 10 2025 99884 09 10 2025 99883 10 2025 2025 10 10 23323 2023 07 21 2024 09 25 311 150 50 311 130 2025 09 09 311 150 2025 03 31 311 150 50 311 160 160 2017 2024 08 14 200 200 2025 10 06 999 200 200
2025-10-11,123 2024 29 01 16 14 2025 123 1024 200 200 123 123 10 03 123 45 55 24 15 90 2024 06 24 639 80 10 100 153 153 255 255 255 255 255 255 099 5000 10 2024 06 24 1072 50 10 2024 06 24 1072 50 10 2024 06 24 1072 50 10 2025 10 07 1072 50 10 2025 08 28 999 1072 50 10 2025 08 28 999 1072 50 10 2024 08 26 1072 50 10 2024 08 04 1072 50 10 2024 08 02 1072 50 10 2025 08 18 1072 50 10 2024 08 26 1072 50 10 100 2025 08 31 1072 50 10 2025 08 31 1072 50 10 2025 08 31 1072 50 10 2025 09 15 1072 50 10 2025 10 01 1072 50 10 2025 04 19 1072 50 10 2025 04 19 1072 50 10 2025 03 22 900 99 1072 50 10 2025 03 22 900 99 1072 50 10 2024 06 24 1072 50 10 2024 06 24 1072 50 10 2025 08 24 1072 50 11 10 2025 2025 09 22 204 200 123 123 55 123 123 100 1848 2025 07 25 200 300 2024 08 02 200 300 2025 09 09 200 300 58786 2025 07 25 200 300 2025 09 09 200 300 2025 07 12 200 300 48300 2025 07 25 200 300 2024 12 16 200 300 200 300 2024 12 14 300 200 300 100 32 95 32 95 32 95 10 11 10 2025 10 11 10 2025 16 100 16 100 00943 00943 16 100 43213 43213 16 50 66146 66146 50 15901 15901 16 33 22906 22906 33 04955 04955 33 93893 93893 33 32538 32538 33 25660 25660 33 85773 85773 16 25 8964 8964 25 0803 0803 25 4867 4867 25 2405 2405 16 33 9122 9122 33 6281 6281 33 8813 8813 33 6672 6672 33 8101 8101 33 7293 7293 16 33 803 803 33 301 301 33 325 325 16 25 84 84 25 09 09 25 69 69 25 79 79 30 60 60 90 90 200 200 300 300 01 01 01 03 03 05 06 09 13 13 22 25 38 43 46 55 60 64 67 69 72 73 79 81 84 93 93 16 01 01 01 03 03 05 06 09 13 13 22 25 38 43 46 55 60 64 67 69 72 73 79 81 84 93 93 16 60 01 01 01 81 22 72 03 03 13 13 43 73 93 93 64 84 05 25 55 06 46 67 38 09 69 79 2025 10 11 123 123 11 10 2025 33 33 62 62 33 902 902 123 30 123 60 60 123 90 90 123 100 100 123 200 200 123 2025 10 11 11 10 2025 16 67 06 06 16 67 08 08 16 67 09 09 16 67 10 10 16 67 28 28 16 67 34 34 30 60 60 90 90 100 100 200 200 636 2025 10 11 11 10 2025 5229 5229 5229 2025 10 11 2022 08 26 530 50 80420 2025 09 23 530 50 10 11 10 2025 10 10 10 2025 10 09 10 2025 50 311 130 99 100 99 65 50 311 130 100 100 100 2025 08 30 311 150 2025 10 08 311 150 2025 10 08 311 150 99897 12 10 2025 99896 12 10 2025 99895 12 10 2025 99894 11 10 2025 99893 11 10 2025 99892 11 10 2025 99891 11 10 2025 99890 10 10 2025 99889 10 10 2025 99888 10 10 2025 2025 10 10 23323 2023 07 21 2024 09 25 311 150 50 311 130 2025 09 09 311 150 2025 03 31 311 150 50 311 160 160 2017 2024 08 14 200 200 2025 10 06 999 200 200
2025-10-12,123 2024 29 01 16 14 2025 123 1024 200 200 123 123 10 03 123 45 55 24 15 90 2024 06 24 639 80 10 100 153 153 255 255 255 255 255 255 099 5000 10 2024 06 24 1072 50 10 2024 06 24 1072 50 10 2024 06 24 1072 50 10 2025 10 07 1072 50 10 2025 08 28 999 1072 50 10 2025 08 28 999 1072 50 10 2024 08 26 1072 50 10 2024 08 04 1072 50 10 2024 08 02 1072 50 10 2025 08 18 1072 50 10 2024 08 26 1072 50 10 100 2025 08 31 1072 50 10 2025 08 31 1072 50 10 2025 08 31 1072 50 10 2025 09 15 1072 50 10 2025 10 01 1072 50 10 2025 04 19 1072 50 10 2025 04 19 1072 50 10 2025 03 22 900 99 1072 50 10 2025 03 22 900 99 1072 50 10 2024 06 24 1072 50 10 2024 06 24 1072 50 10 2025 08 24 1072 50 12 10 2025 2025 09 22 204 200 123 123 45 123 123 100 1848 2025 07 25 200 300 2024 08 02 200 300 2025 09 09 200 300 58786 2025 07 25 200 300 2025 09 09 200 300 2025 07 12 200 300 48300 2025 07 25 200 300 2024 12 16 200 300 200 300 2024 12 14 300 200 300 100 32 95 32 95 32 95 10 12 10 2025 10 12 10 2025 16 100 16 100 26352 26352 16 100 46620 46620 16 50 88046 88046 50 06757 06757 16 33 82102 82102 33 55236 55236 33 49407 49407 33 14412 14412 33 93966 93966 33 59246 59246 16 25 3781 3781 25 2444 2444 25 1432 1432 25 7054 7054 16 33 4205 4205 33 3302 3302 33 6273 6273 33 7546 7546 33 7162 7162 33 9102 9102 16 33 493 493 33 645 645 33 966 966 16 25 02 02 25 90 90 25 42 42 25 28 28 30 60 60 90 90 200 200 300 300 02 02 02 02 05 07 12 20 28 32 36 42 44 45 46 46 46 52 54 57 62 66 66 73 81 90 93 16 02 02 02 02 05 07 12 20 28 32 36 42 44 45 46 46 46 52 54 57 62 66 66 73 81 90 93 16 20 90 81 02 02 02 02 12 32 42 52 62 73 93 44 54 05 45 36 46 46 46 66 66 07 57 28 2025 10 12 123 123 12 10 2025 33 33 35 35 33 870 870 123 30 123 60 60 123 90 90 123 100 100 123 200 200 123 2025 10 12 12 10 2025 5208 5208 5208 2025 10 12 2022 08 26 530 50 80420 2025 09 23 530 50 10 12 10 2025 10 11 10 2025 10 10 10 2025 50 311 130 99 100 99 65 50 311 130 100 100 100 2025 08 30 311 150 2025 10 08 311 150 2025 10 08 311 150 99903 13 10 2025 99902 13 10 2025 99901 13 10 2025 99900 12 10 2025 99899 42 13 19 10 2025 99898 12 10 2025 99897 12 10 2025 99896 12 10 2025 99895 12 10 2025 99894 11 10 2025 2025 10 10 23323 2023 07 21 2024 09 25 311 150 50 311 130 2025 09 09 311 150 2025 03 31 311 150 50 311 160 160 2017 2024 08 14 200 200 2025 10 06 999 200 200
2025-10-13,123 2024 29 01 16 14 2025 123 1024 200 200 123 123 10 03 123 45 55 24 15 90 2024 06 24 639 80 10 100 153 153 255 255 255 255 255 255 099 5000 10 2024 06 24 1072 50 10 2024 06 24 1072 50 10 2024 06 24 1072 50 10 2025 10 07 1072 50 10 2025 08 28 999 1072 50 10 2025 08 28 999 1072 50 10 2024 08 26 1072 50 10 2024 08 04 1072 50 10 2024 08 02 1072 50 10 2025 08 18 1072 50 10 2024 08 26 1072 50 10 100 2025 08 31 1072 50 10 2025 08 31 1072 50 10 2025 08 31 1072 50 10 2025 09 15 1072 50 10 2025 10 01 1072 50 10 2025 04 19 1072 50 10 2025 04 19 1072 50 10 2025 03 22 900 99 1072 50 10 2025 03 22 900 99 1072 50 10 2024 06 24 1072 50 10 2024 06 24 1072 50 10 2025 08 24 1072 50 13 10 2025 2025 09 22 204 200 123 123 123 123 100 1848 2025 07 25 200 300 2024 08 02 200 300 2025 09 09 200 300 58786 2025 07 25 200 300 2025 09 09 200 300 2025 07 12 200 300 48300 2025 07 25 200 300 2024 12 16 200 300 200 300 2024 12 14 300 200 300 100 32 95 32 95 32 95 10 13 10 2025 10 13 10 2025 16 100 16 100 56708 56708 16 100 28309 28309 16 50 14066 14066 50 54388 54388 16 33 02034 02034 33 80922 80922 33 00829 00829 33 76262 76262 33 57800 57800 33 06839 06839 16 25 6613 6613 25 3765 3765 25 1875 1875 25 7381 7381 16 33 2577 2577 33 2808 2808 33 3600 3600 33 1919 1919 33 4560 4560 33 2403 2403 16 33 039 039 33 767 767 33 147 147 16 25 25 25 25 42 42 25 72 72 25 87 87 30 60 60 90 90 200 200 300 300 00 00 03 08 08 09 13 19 22 25 29 34 39 39 42 47 60 62 65 66 67 72 75 77 81 87 88 16 00 00 03 08 08 09 13 19 22 25 29 34 39 39 42 47 60 62 65 66 67 72 75 77 81 87 88 16 00 00 60 81 22 42 62 72 03 13 34 25 65 75 66 47 67 77 87 08 08 88 09 19 29 39 39 2025 10 13 123 123 13 10 2025 33 33 46 46 33 651 651 123 30 123 60 60 123 90 90 123 100 100 123 200 200 123 2025 10 13 13 10 2025 8020 8020 8020 2025 10 13 2022 08 26 530 50 80420 2025 09 23 530 50 10 13 10 2025 10 12 10 2025 10 11 10 2025 50 311 130 99 100 99 65 50 311 130 100 100 100 2025 08 30 311 150 2025 10 08 311 150 2025 10 08 311 150 99908 14 10 2025 99907 14 10 2025 99906 14 10 2025 99905 13 10 2025 99904 13 10 2025 99903 13 10 2025 99902 13 10 2025 99901 13 10 2025 99900 12 10 2025 99899 42 13 19 10 2025 2025 10 10 23323 2023 07 21 2024 09 25 311 150 50 311 130 2025 09 09 311 150 2025 03 31 311 150 50 311 160 160 2017 2024 08 14 200 200 2025 10 06 999 200 200
2025-10-14,123 2024 29 01 16 14 2025 123 1024 200 200 123 123 10 03 123 45 55 24 15 90 2024 06 24 639 80 10 100 153 153 255 255 255 255 255 255 099 5000 10 2024 06 24 1072 50 10 2024 06 24 1072 50 10 2024 06 24 1072 50 10 2025 10 07 1072 50 10 2025 08 28 999 1072 50 10 2025 08 28 999 1072 50 10 2024 08 26 1072 50 10 2024 08 04 1072 50 10 2024 08 02 1072 50 10 2025 08 18 1072 50 10 2024 08 26 1072 50 10 100 2025 08 31 1072 50 10 2025 08 31 1072 50 10 2025 08 31 1072 50 10 2025 09 15 1072 50 10 2025 10 01 1072 50 10 2025 04 19 1072 50 10 2025 04 19 1072 50 10 2025 03 22 900 99 1072 50 10 2025 03 22 900 99 1072 50 10 2024 06 24 1072 50 10 2024 06 24 1072 50 10 2025 08 24 1072 50 14 10 2025 2025 09 22 204 200 123 123 55 123 123 100 1848 2025 07 25 200 300 2024 08 02 200 300 2025 09 09 200 300 58786 2025 07 25 200 300 2025 09 09 200 300 2025 07 12 200 300 48300 2025 07 25 200 300 2024 12 16 200 300 200 300 2024 12 14 300 200 300 100 32 95 32 95 32 95 10 14 10 2025 10 14 10 2025 16 100 16 100 20424 20424 16 100 73482 73482 16 50 24515 24515 50 12045 12045 16 33 16763 16763 33 18239 18239 33 39990 39990 33 54597 54597 33 88132 88132 33 33982 33982 16 25 1293 1293 25 5905 5905 25 8675 8675 25 4991 4991 16 33 0121 0121 33 0635 0635 33 8362 8362 33 8028 8028 33 4947 4947 33 1638 1638 16 33 076 076 33 989 989 33 704 704 16 25 11 11 25 33 33 25 29 29 25 40 40 30 60 60 90 90 200 200 300 300 04 05 11 15 21 24 28 29 32 33 35 38 39 40 45 47 62 63 75 76 82 82 89 90 91 93 97 16 04 05 11 15 21 24 28 29 32 33 35 38 39 40 45 47 62 63 75 76 82 82 89 90 91 93 97 16 40 90 11 21 91 32 62 82 82 33 63 93 04 24 05 15 35 45 75 76 47 97 28 38 29 39 89 2025 10 14 123 123 14 10 2025 33 33 18 18 33 790 790 123 30 123 60 60 123 90 90 123 100 100 123 200 200 123 2025 10 14 14 10 2025 1498 1498 1498 2025 10 14 2022 08 26 530 50 80420 2025 09 23 530 50 10 14 10 2025 10 13 10 2025 10 12 10 2025 50 311 130 99 100 99 65 50 311 130 100 100 100 2025 08 30 311 150 2025 10 08 311 150 2025 10 08 311 150 10 2025 99867 10 99913 15 10 2025 99912 15 10 2025 99911 15 10 2025 99910 14 10 2025 99909 14 10 2024 99908 14 10 2025 99907 14 10 2025 99906 14 10 2025 99905 13 10 2025 2025 10 10 23323 2023 07 21 2024 09 25 311 150 50 311 130 2025 09 09 311 150 2025 03 31 311 150 50 311 160 160 2017 2024 08 14 200 200 2025 10 06 999 200 200
2025-10-15,123 2024 29 01 16 14 2025 123 1024 200 200 123 123 10 03 123 45 55 24 15 90 2024 06 24 639 80 10 100 153 153 255 255 255 255 255 255 099 5000 10 2024 06 24 1072 50 10 2024 06 24 1072 50 10 2024 06 24 1072 50 10 2025 10 07 1072 50 10 2025 08 28 999 1072 50 10 2025 08 28 999 1072 50 10 2024 08 26 1072 50 10 2024 08 04 1072 50 10 2024 08 02 1072 50 10 2025 08 18 1072 50 10 2024 08 26 1072 50 10 100 2025 08 31 1072 50 10 2025 08 31 1072 50 10 2025 08 31 1072 50 10 2025 09 15 1072 50 10 2025 10 01 1072 50 10 2025 04 19 1072 50 10 2025 04 19 1072 50 10 2025 03 22 900 99 1072 50 10 2025 03 22 900 99 1072 50 10 2024 06 24 1072 50 10 2024 06 24 1072 50 10 2025 08 24 1072 50 15 10 2025 2025 09 22 204 200 123 123 45 123 123 100 1848 2025 07 25 200 300 2024 08 02 200 300 2025 09 09 200 300 58786 2025 07 25 200 300 2025 09 09 200 300 2025 07 12 200 300 48300 2025 07 25 200 300 2024 12 16 200 300 200 300 2024 12 14 300 200 300 100 32 95 32 95 32 95 10 15 10 2025 10 15 10 2025 16 100 16 100 99028 99028 16 100 01836 01836 16 50 31575 31575 50 91437 91437 16 33 65760 65760 33 51585 51585 33 54619 54619 33 89077 89077 33 99871 99871 33 38568 38568 16 25 7960 7960 25 9707 9707 25 9661 9661 25 2913 2913 16 33 2945 2945 33 9487 9487 33 5923 5923 33 1193 1193 33 7108 7108 33 2473 2473 16 33 555 555 33 370 370 33 125 125 16 25 73 73 25 13 13 25 42 42 25 70 70 30 60 60 90 90 200 200 300 300 07 08 13 13 19 23 25 28 36 37 42 45 55 60 60 61 68 70 70 71 73 73 75 77 85 87 93 16 07 08 13 13 19 23 25 28 36 37 42 45 55 60 60 61 68 70 70 71 73 73 75 77 85 87 93 16 60 60 70 70 61 71 42 13 13 23 73 73 93 25 45 55 75 85 36 07 37 77 87 08 28 68 19 2025 10 15 123 123 15 10 2025 33 33 70 70 33 077 077 123 30 123 60 60 123 90 90 123 100 100 123 200 200 123 2025 10 15 15 10 2025 16 67 05 05 16 67 10 10 16 67 16 16 16 67 20 20 16 67 24 24 16 67 26 26 30 60 60 90 90 100 100 200 200 636 2025 10 15 15 10 2025 3195 3195 3195 2025 10 15 2022 08 26 530 50 80420 2025 09 23 530 50 10 15 10 2025 10 14 10 2025 10 13 10 2025 50 311 130 99 100 99 65 50 311 130 100 100 100 2025 08 30 311 150 2025 10 08 311 150 2025 10 08 311 150 10 2025 99867 10 99919 16 10 2025 99918 16 10 2025 99917 16 10 2025 99916 15 10 2025 99915 16 10 2025 99914 15 10 2025 99913 15 10 2025 99912 15 10 2025 99911 15 10 2025 2025 10 10 23323 2023 07 21 2024 09 25 311 150 50 311 130 2025 09 09 311 150 2025 03 31 311 150 50 311 160 160 2017 2024 08 14 200 200 2025 10 06 999 200 200
2025-10-16,123 2024 29 01 16 14 2025 123 1024 200 200 123 123 10 03 123 45 55 24 15 90 2024 06 24 639 80 10 100 153 153 255 255 255 255 255 255 099 5000 10 2024 06 24 1072 50 10 2024 06 24 1072 50 10 2024 06 24 1072 50 10 2025 10 07 1072 50 10 2025 08 28 999 1072 50 10 2025 08 28 999 1072 50 10 2024 08 26 1072 50 10 2024 08 04 1072 50 10 2024 08 02 1072 50 10 2025 08 18 1072 50 10 2024 08 26 1072 50 10 100 2025 08 31 1072 50 10 2025 08 31 1072 50 10 2025 08 31 1072 50 10 2025 09 15 1072 50 10 2025 10 01 1072 50 10 2025 04 19 1072 50 10 2025 04 19 1072 50 10 2025 03 22 900 99 1072 50 10 2025 03 22 900 99 1072 50 10 2024 06 24 1072 50 10 2024 06 24 1072 50 10 2025 08 24 1072 50 16 10 2025 2025 09 22 204 200 123 123 55 123 123 100 1848 2025 07 25 200 300 2024 08 02 200 300 2025 09 09 200 300 58786 2025 07 25 200 300 2025 09 09 200 300 2025 07 12 200 300 48300 2025 07 25 200 300 2024 12 16 200 300 200 300 2024 12 14 300 200 300 100 32 95 32 95 32 95 10 16 10 2025 10 16 10 2025 16 100 16 100 07662 07662 16 100 05246 05246 16 50 94556 94556 50 19328 19328 16 33 29612 29612 33 19702 19702 33 20015 20015 33 23156 23156 33 97603 97603 33 63228 63228 16 25 8283 8283 25 6758 6758 25 1002 1002 25 9552 9552 16 33 1506 1506 33 0599 0599 33 8966 8966 33 8546 8546 33 3862 3862 33 9918 9918 16 33 491 491 33 631 631 33 369 369 16 25 10 10 25 83 83 25 34 34 25 27 27 30 60 60 90 90 200 200 300 300 02 02 03 06 10 12 15 18 27 28 28 31 34 46 46 52 56 56 58 62 62 66 69 83 83 91 99 16 02 02 03 06 10 12 15 18 27 28 28 31 34 46 46 52 56 56 58 62 62 66 69 83 83 91 99 16 10 31 91 02 02 12 52 62 62 03 83 83 34 15 06 46 46 56 56 66 27 18 28 28 58 69 99 2025 10 16 123 123 16 10 2025 33 33 52 52 33 061 061 123 30 123 60 60 123 90 90 123 100 100 123 200 200 123 2025 10 16 16 10 2025 7671 7671 7671 2025 10 16 2022 08 26 530 50 80420 2025 09 23 530 50 10 16 10 2025 10 15 10 2025 10 14 10 2025 50 311 130 99 100 99 65 50 311 130 100 100 100 2025 08 30 311 150 2025 10 08 311 150 2025 10 08 311 150 10 2025 99867 10 99923 17 10 2025 99922 17 10 2025 99921 17 10 2025 99920 16 10 2025 99919 16 10 2025 99918 16 10 2025 99917 16 10 2025 99916 15 10 2025 99915 16 10 2025 2025 10 10 23323 2023 07 21 2024 09 25 311 150 50 311 130 2025 09 09 311 150 2025 03 31 311 150 50 311 160 160 2017 2024 08 14 200 200 2025 10 06 999 200 200
2025-10-17,123 2024 29 01 16 14 2025 123 1024 200 200 123 123 10 03 123 45 55 24 15 90 2024 06 24 639 80 10 100 153 153 255 255 255 255 255 255 099 5000 10 2024 06 24 1072 50 10 2024 06 24 1072 50 10 2024 06 24 1072 50 10 2025 10 07 1072 50 10 2025 08 28 999 1072 50 10 2025 08 28 999 1072 50 10 2024 08 26 1072 50 10 2024 08 04 1072 50 10 2024 08 02 1072 50 10 2025 08 18 1072 50 10 2024 08 26 1072 50 10 100 2025 08 31 1072 50 10 2025 08 31 1072 50 10 2025 08 31 1072 50 10 2025 09 15 1072 50 10 2025 10 01 1072 50 10 2025 04 19 1072 50 10 2025 04 19 1072 50 10 2025 03 22 900 99 1072 50 10 2025 03 22 900 99 1072 50 10 2024 06 24 1072 50 10 2024 06 24 1072 50 10 2025 08 24 1072 50 17 10 2025 2025 09 22 204 200 123 123 45 123 123 100 1848 2025 07 25 200 300 2024 08 02 200 300 2025 09 09 200 300 58786 2025 07 25 200 300 2025 09 09 200 300 2025 07 12 200 300 48300 2025 07 25 200 300 2024 12 16 200 300 200 300 2024 12 14 300 200 300 100 32 95 32 95 32 95 10 17 10 2025 10 17 10 2025 16 100 16 100 40279 40279 16 100 60194 60194 16 50 28902 28902 50 58347 58347 16 33 63050 63050 33 00405 00405 33 49949 49949 33 13887 13887 33 61160 61160 33 80102 80102 16 25 6128 6128 25 2104 2104 25 6559 6559 25 0473 0473 16 33 7300 7300 33 5766 5766 33 0234 0234 33 7330 7330 33 4395 4395 33 9781 9781 16 33 723 723 33 595 595 33 735 735 16 25 44 44 25 83 83 25 48 48 25 63 63 30 60 60 90 90 200 200 300 300 00 02 02 04 05 23 28 30 34 35 44 47 48 49 50 59 60 63 66 73 79 81 83 87 94 95 95 16 00 02 02 04 05 23 28 30 34 35 44 47 48 49 50 59 60 63 66 73 79 81 83 87 94 95 95 16 00 30 50 60 81 02 02 23 63 73 83 04 34 44 94 05 35 95 95 66 47 87 28 48 49 59 79 2025 10 17 123 123 17 10 2025 33 33 99 99 33 681 681 123 30 123 60 60 123 90 90 123 100 100 123 200 200 123 2025 10 17 17 10 2025 7311 7311 7311 2025 10 17 2022 08 26 530 50 80420 2025 09 23 530 50 10 17 10 2025 10 16 10 2025 10 15 10 2025 50 311 130 99 100 99 65 50 311 130 100 100 100 2025 08 30 311 150 2025 10 08 311 150 2025 10 08 311 150 10 2025 99867 10 99927 17 10 2025 99926 18 10 2025 99925 18 10 2025 99924 17 10 2025 99923 17 10 2025 99922 17 10 2025 99921 17 10 2025 99920 16 10 2025 99919 16 10 2025 2025 10 10 23323 2023 07 21 2024 09 25 311 150 50 311 130 2025 09 09 311 150 2025 03 31 311 150 50 311 160 160 2017 2024 08 14 200 200 2025 10 06 999 200 200
2025-10-18,123 2024 29 01 16 14 2025 123 1024 200 200 123 123 10 03 123 45 55 24 15 90 2024 06 24 639 80 10 100 153 153 255 255 255 255 255 255 099 5000 10 2024 06 24 1072 50 10 2024 06 24 1072 50 10 2024 06 24 1072 50 10 2025 10 07 1072 50 10 2025 08 28 999 1072 50 10 2025 08 28 999 1072 50 10 2024 08 26 1072 50 10 2024 08 04 1072 50 10 2024 08 02 1072 50 10 2025 08 18 1072 50 10 2024 08 26 1072 50 10 100 2025 08 31 1072 50 10 2025 08 31 1072 50 10 2025 08 31 1072 50 10 2025 09 15 1072 50 10 2025 10 01 1072 50 10 2025 04 19 1072 50 10 2025 04 19 1072 50 10 2025 03 22 900 99 1072 50 10 2025 03 22 900 99 1072 50 10 2024 06 24 1072 50 10 2024 06 24 1072 50 10 2025 08 24 1072 50 18 10 2025 2025 09 22 204 200 123 123 55 123 123 100 1848 2025 07 25 200 300 2024 08 02 200 300 2025 09 09 200 300 58786 2025 07 25 200 300 2025 09 09 200 300 2025 07 12 200 300 48300 2025 07 25 200 300 2024 12 16 200 300 200 300 2024 12 14 300 200 300 100 32 95 32 95 32 95 10 18 10 2025 10 18 10 2025 16 100 16 100 99279 99279 16 100 87190 87190 16 50 62556 62556 50 83862 83862 16 33 86645 86645 33 59466 59466 33 99525 99525 33 74772 74772 33 56234 56234 33 11858 11858 16 25 4802 4802 25 5751 5751 25 6376 6376 25 0268 0268 16 33 0427 0427 33 9006 9006 33 4206 4206 33 5541 5541 33 4791 4791 33 8535 8535 16 33 468 468 33 250 250 33 789 789 16 25 23 23 25 68 68 25 07 07 25 67 67 30 60 60 90 90 200 200 300 300 02 06 06 07 23 25 27 34 35 41 45 50 51 56 58 62 66 67 68 68 68 72 76 79 89 90 91 16 02 06 06 07 23 25 27 34 35 41 45 50 51 56 58 62 66 67 68 68 68 72 76 79 89 90 91 16 50 90 41 51 91 02 62 72 23 34 25 35 45 06 06 56 66 76 07 27 67 58 68 68 68 79 89 2025 10 18 123 123 18 10 2025 33 33 41 41 33 732 732 123 30 123 60 60 123 90 90 123 100 100 123 200 200 123 2025 10 18 18 10 2025 16 67 05 05 16 67 06 06 16 67 10 10 16 67 11 11 16 67 16 16 16 67 19 19 30 60 60 90 90 100 100 200 200 636 2025 10 18 18 10 2025 2324 2324 2324 2025 10 18 2022 08 26 530 50 80420 2025 09 23 530 50 10 18 10 2025 10 17 10 2025 10 16 10 2025 50 311 130 99 100 99 65 50 311 130 100 100 100 2025 08 30 311 150 2025 10 08 311 150 2025 10 08 311 150 10 2025 99867 10 99934 19 10 2025 99933 19 10 2025 99932 12 10 2025 99931 19 10 2025 99930 43 20 26 10 2025 99929 18 10 2025 99928 18 10 2025 99927 17 10 2025 99926 18 10 2025 2025 10 10 23323 2023 07 21 2024 09 25 311 150 50 311 130 2025 09 09 311 150 2025 03 31 311 150 50 311 160 160 2017 2024 08 14 200 200 2025 10 06 999 200 200
2025-10-19,123 2024 29 01 16 14 2025 123 1024 200 200 123 123 10 03 123 45 55 24 15 90 2024 06 24 639 80 10 100 153 153 255 255 255 255 255 255 099 5000 10 2024 06 24 1072 50 10 2024 06 24 1072 50 10 2024 06 24 1072 50 10 2025 10 07 1072 50 10 2025 08 28 999 1072 50 10 2025 08 28 999 1072 50 10 2024 08 26 1072 50 10 2024 08 04 1072 50 10 2024 08 02 1072 50 10 2025 08 18 1072 50 10 2024 08 26 1072 50 10 100 2025 08 31 1072 50 10 2025 08 31 1072 50 10 2025 08 31 1072 50 10 2025 09 15 1072 50 10 2025 10 01 1072 50 10 2025 04 19 1072 50 10 2025 04 19 1072 50 10 2025 03 22 900 99 1072 50 10 2025 03 22 900 99 1072 50 10 2024 06 24 1072 50 10 2024 06 24 1072 50 10 2025 08 24 1072 50 19 10 2025 2025 09 22 204 200 123 123 45 123 123 100 1848 2025 07 25 200 300 2024 08 02 200 300 2025 09 09 200 300 58786 2025 07 25 200 300 2025 09 09 200 300 2025 07 12 200 300 48300 2025 07 25 200 300 2024 12 16 200 300 200 300 2024 12 14 300 200 300 100 32 95 32 95 32 95 10 19 10 2025 10 19 10 2025 16 100 16 100 12966 12966 16 100 83647 83647 16 50 24249 24249 50 24402 24402 16 33 90577 90577 33 20176 20176 33 71938 71938 33 60207 60207 33 66327 66327 33 56028 56028 16 25 6053 6053 25 6618 6618 25 4370 4370 25 9212 9212 16 33 0850 0850 33 3511 3511 33 7941 7941 33 1264 1264 33 4826 4826 33 8778 8778 16 33 380 380 33 566 566 33 969 969 16 25 22 22 25 60 60 25 48 48 25 55 55 30 60 60 90 90 200 200 300 300 02 07 11 12 18 22 26 27 28 38 41 47 48 49 50 53 55 60 64 66 66 69 70 76 77 78 80 16 02 07 11 12 18 22 26 27 28 38 41 47 48 49 50 53 55 60 64 66 66 69 70 76 77 78 80 16 50 60 70 80 11 41 02 12 22 53 64 55 26 66 66 76 07 27 47 77 18 28 38 48 78 49 69 2025 10 19 123 123 19 10 2025 33 33 30 30 33 539 539 123 30 123 60 60 123 90 90 123 100 100 123 200 200 123 2025 10 19 19 10 2025 4966 4966 4966 2025 10 19 2022 08 26 530 50 80420 2025 09 23 530 50 10 19 10 2025 10 18 10 2025 10 17 10 2025 50 311 130 99 100 99 65 50 311 130 100 100 100 2025 08 30 311 150 2025 10 08 311 150 2025 10 08 311 150 10 2025 99867 10 99939 20 10 2025 99938 20 10 2025 99937 20 10 2025 99936 20 10 2025 99935 19 10 2025 99934 19 10 2025 99933 19 10 2025 99932 19 10 2025 99931 19 10 2025 2025 10 10 23323 2023 07 21 2024 09 25 311 150 50 311 130 2025 09 09 311 150 2025 03 31 311 150 50 311 160 160 2017 2024 08 14 200 200 2025 10 06 999 200 200
2025-10-20,123 2024 29 01 16 14 2025 123 1024 200 200 123 123 10 03 123 45 55 24 15 90 2024 06 24 639 80 10 100 153 153 255 255 255 255 255 255 099 5000 10 2024 06 24 1072 50 10 2024 06 24 1072 50 10 2024 06 24 1072 50 10 2025 10 07 1072 50 10 2025 08 28 999 1072 50 10 2025 08 28 999 1072 50 10 2024 08 26 1072 50 10 2024 08 04 1072 50 10 2024 08 02 1072 50 10 2025 08 18 1072 50 10 2024 08 26 1072 50 10 100 2025 08 31 1072 50 10 2025 08 31 1072 50 10 2025 08 31 1072 50 10 2025 09 15 1072 50 10 2025 10 01 1072 50 10 2025 04 19 1072 50 10 2025 04 19 1072 50 10 2025 03 22 900 99 1072 50 10 2025 03 22 900 99 1072 50 10 2024 06 24 1072 50 10 2024 06 24 1072 50 10 2025 08 24 1072 50 20 10 2025 2025 09 22 204 200 123 123 123 123 100 1848 2025 07 25 200 300 2024 08 02 200 300 2025 09 09 200 300 58786 2025 07 25 200 300 2025 09 09 200 300 2025 07 12 200 300 48300 2025 07 25 200 300 2024 12 16 200 300 200 300 2024 12 14 300 200 300 100 32 95 32 95 32 95 10 20 10 2025 10 20 10 2025 16 100 16 100 32372 32372 16 100 39001 39001 16 50 85080 85080 50 13074 13074 16 33 39550 39550 33 70090 70090 33 41050 41050 33 80771 80771 33 34896 34896 33 86195 86195 16 25 1305 1305 25 1952 1952 25 9864 9864 25 1984 1984 16 33 7522 7522 33 5300 5300 33 6671 6671 33 0408 0408 33 1568 1568 33 7407 7407 16 33 314 314 33 489 489 33 496 496 16 25 59 59 25 97 97 25 74 74 25 61 61 30 60 60 90 90 200 200 300 300 00 01 05 07 08 14 22 50 50 52 59 61 64 68 71 71 72 74 74 80 84 89 90 95 96 96 97 16 00 01 05 07 08 14 22 50 50 52 59 61 64 68 71 71 72 74 74 80 84 89 90 95 96 96 97 16 00 50 50 80 90 01 61 71 71 22 52 72 14 64 74 74 84 05 95 96 96 07 97 08 68 59 89 2025 10 20 123 123 20 10 2025 33 33 93 93 33 696 696 123 30 123 60 60 123 90 90 123 100 100 123 200 200 123 2025 10 20 20 10 2025 4358 4358 4358 2025 10 20 2022 08 26 530 50 80420 2025 09 23 530 50 10 20 10 2025 10 19 10 2025 10 18 10 2025 50 311 130 99 100 99 65 50 311 130 100 100 100 2025 08 30 311 150 2025 10 08 311 150 2025 10 08 311 150 10 2025 99867 10 99944 10 2025 99943 21 10 2025 99942 21 10 2025 99941 21 10 2025 99940 20 10 2025 99939 20 10 2025 99938 20 10 2025 99937 20 10 2025 99936 20 10 2025 2025 10 10 23323 2023 07 21 2024 09 25 311 150 50 311 130 2025 09 09 311 150 2025 03 31 311 150 50 311 160 160 2017 2024 08 14 200 200 2025 10 06 999 200 200
2025-10-21,123 2024 29 01 16 14 2025 123 1024 200 200 123 123 10 03 123 45 55 24 15 90 2024 06 24 639 80 10 100 153 153 255 255 255 255 255 255 099 5000 10 2024 06 24 1072 50 10 2024 06 24 1072 50 10 2024 06 24 1072 50 10 2025 10 07 1072 50 10 2025 08 28 999 1072 50 10 2025 08 28 999 1072 50 10 2024 08 26 1072 50 10 2024 08 04 1072 50 10 2024 08 02 1072 50 10 2025 08 18 1072 50 10 2024 08 26 1072 50 10 100 2025 08 31 1072 50 10 2025 08 31 1072 50 10 2025 08 31 1072 50 10 2025 09 15 1072 50 10 2025 10 01 1072 50 10 2025 04 19 1072 50 10 2025 04 19 1072 50 10 2025 03 22 900 99 1072 50 10 2025 03 22 900 99 1072 50 10 2024 06 24 1072 50 10 2024 06 24 1072 50 10 2025 08 24 1072 50 21 10 2025 2025 09 22 204 200 123 123 55 123 123 100 1848 2025 07 25 200 300 2024 08 02 200 300 2025 09 09 200 300 58786 2025 07 25 200 300 2025 09 09 200 300 2025 07 12 200 300 48300 2025 07 25 200 300 2024 12 16 200 300 200 300 2024 12 14 300 200 300 100 32 95 32 95 32 95 10 21 10 2025 10 21 10 2025 16 100 16 100 07081 07081 16 100 66797 66797 16 50 13815 13815 50 27581 27581 16 33 00249 00249 33 06272 06272 33 45716 45716 33 96445 96445 33 23245 23245 33 42742 42742 16 25 2280 2280 25 1567 1567 25 2908 2908 25 2876 2876 16 33 3679 3679 33 0541 0541 33 1243 1243 33 5257 5257 33 5004 5004 33 6838 6838 16 33 391 391 33 303 303 33 160 160 16 25 28 28 25 81 81 25 70 70 25 38 38 30 60 60 90 90 200 200 300 300 03 04 08 15 16 28 38 38 41 42 43 45 45 49 57 60 67 70 72 76 79 80 81 81 81 91 97 16 03 04 08 15 16 28 38 38 41 42 43 45 45 49 57 60 67 70 72 76 79 80 81 81 81 91 97 16 60 70 80 41 81 81 81 91 42 72 03 43 04 15 45 45 16 76 57 67 97 08 28 38 38 49 79 2025 10 21 123 123 21 10 2025 33 33 99 99 33 236 236 123 30 123 60 60 123 90 90 123 100 100 123 200 200 123 2025 10 21 21 10 2025 5913 5913 5913 2025 10 21 2022 08 26 530 50 80420 2025 09 23 530 50 10 21 10 2025 10 20 10 2025 10 19 10 2025 50 311 130 99 100 99 65 50 311 130 100 100 100 2025 08 30 311 150 2025 10 08 311 150 2025 10 08 311 150 10 2025 99867 10 99950 22 10 2025 99949 22 10 2025 99948 22 10 2025 99947 22 10 2025 99946 21 10 2025 99945 21 10 2024 99944 10 2025 99943 21 10 2025 99942 21 10 2025 2025 10 10 23323 2023 07 21 2024 09 25 311 150 50 311 130 2025 09 09 311 150 2025 03 31 311 150 50 311 160 160 2017 2024 08 14 200 200 2025 10 06 999 200 200
2025-10-22,123 2024 29 01 16 14 2025 123 1024 200 200 123 123 10 03 123 45 55 24 15 90 2024 06 24 639 80 10 100 153 153 255 255 255 255 255 255 099 5000 10 2024 06 24 1072 50 10 2024 06 24 1072 50 10 2024 06 24 1072 50 10 2025 10 07 1072 50 10 2025 08 28 999 1072 50 10 2025 08 28 999 1072 50 10 2024 08 26 1072 50 10 2024 08 04 1072 50 10 2024 08 02 1072 50 10 2025 08 18 1072 50 10 2024 08 26 1072 50 10 100 2025 08 31 1072 50 10 2025 08 31 1072 50 10 2025 08 31 1072 50 10 2025 09 15 1072 50 10 2025 10 01 1072 50 10 2025 04 19 1072 50 10 2025 04 19 1072 50 10 2025 03 22 900 99 1072 50 10 2025 03 22 900 99 1072 50 10 2024 06 24 1072 50 10 2024 06 24 1072 50 10 2025 08 24 1072 50 22 10 2025 2025 09 22 204 200 123 123 45 123 123 100 1848 2025 07 25 200 300 2024 08 02 200 300 2025 09 09 200 300 58786 2025 07 25 200 300 2025 09 09 200 300 2025 07 12 200 300 48300 2025 07 25 200 300 2024 12 16 200 300 200 300 2024 12 14 300 200 300 100 32 95 32 95 32 95 10 22 10 2025 10 22 10 2025 16 100 16 100 49274 49274 16 100 40078 40078 16 50 75515 75515 50 04948 04948 16 33 01151 01151 33 13907 13907 33 46897 46897 33 62686 62686 33 30189 30189 33 10638 10638 16 25 3300 3300 25 7747 7747 25 7758 7758 25 8312 8312 16 33 1365 1365 33 4005 4005 33 7901 7901 33 1665 1665 33 7845 7845 33 9933 9933 16 33 346 346 33 258 258 33 090 090 16 25 78 78 25 90 90 25 69 69 25 50 50 30 60 60 90 90 200 200 300 300 00 01 05 07 12 15 33 38 45 46 47 48 50 51 58 58 65 65 69 74 78 78 86 89 90 90 97 16 00 01 05 07 12 15 33 38 45 46 47 48 50 51 58 58 65 65 69 74 78 78 86 89 90 90 97 16 00 50 90 90 01 51 12 33 74 05 15 45 65 65 46 86 07 47 97 38 48 58 58 78 78 69 89 2025 10 22 123 123 22 10 2025 33 33 38 38 33 057 057 123 30 123 60 60 123 90 90 123 100 100 123 200 200 123 2025 10 22 22 10 2025 16 67 05 05 16 67 06 06 16 67 07 07 16 67 11 11 16 67 16 16 16 67 24 24 30 60 60 90 90 100 100 200 200 636 2025 10 22 22 10 2025 3594 3594 3594 2025 10 22 2022 08 26 530 50 80420 2025 09 23 530 50 10 22 10 2025 10 21 10 2025 10 20 10 2025 50 311 130 99 100 99 65 50 311 130 100 100 100 2025 08 30 311 150 2025 10 08 311 150 2025 10 08 311 150 10 2025 99867 10 99954 23 10 2025 99953 23 10 2025 99952 23 10 2025 99951 22 10 2025 99950 22 10 2025 99949 22 10 2025 99948 22 10 2025 99947 22 10 2025 99946 21 10 2025 2025 10 10 23323 2023 07 21 2024 09 25 311 150 50 311 130 2025 09 09 311 150 2025 03 31 311 150 50 311 160 160 2017 2024 08 14 200 200 2025 10 06 999 200 200
2025-10-23,123 2024 29 01 16 14 2025 123 1024 200 200 123 123 10 03 123 45 55 24 15 90 2024 06 24 639 80 10 100 153 153 255 255 255 255 255 255 099 5000 10 2024 06 24 1072 50 10 2024 06 24 1072 50 10 2024 06 24 1072 50 10 2025 10 07 1072 50 10 2025 08 28 999 1072 50 10 2025 08 28 999 1072 50 10 2024 08 26 1072 50 10 2024 08 04 1072 50 10 2024 08 02 1072 50 10 2025 08 18 1072 50 10 2024 08 26 1072 50 10 100 2025 08 31 1072 50 10 2025 08 31 1072 50 10 2025 08 31 1072 50 10 2025 09 15 1072 50 10 2025 10 01 1072 50 10 2025 04 19 1072 50 10 2025 04 19 1072 50 10 2025 03 22 900 99 1072 50 10 2025 03 22 900 99 1072 50 10 2024 06 24 1072 50 10 2024 06 24 1072 50 10 2025 08 24 1072 50 23 10 2025 2025 09 22 204 200 123 123 55 123 123 100 1848 2025 07 25 200 300 2024 08 02 200 300 2025 09 09 200 300 58786 2025 07 25 200 300 2025 09 09 200 300 2025 07 12 200 300 48300 2025 07 25 200 300 2024 12 16 200 300 200 300 2024 12 14 300 200 300 100 32 95 32 95 32 95 10 23 10 2025 10 23 10 2025 16 100 16 100 80283 80283 16 100 97483 97483 16 50 56278 56278 50 37452 37452 16 33 69728 69728 33 70488 70488 33 00371 00371 33 39199 39199 33 44273 44273 33 10602 10602 16 25 7457 7457 25 3964 3964 25 2615 2615 25 9592 9592 16 33 7349 7349 33 9686 9686 33 2829 2829 33 1879 1879 33 9105 9105 33 0817 0817 16 33 602 602 33 126 126 33 069 069 16 25 53 53 25 69 69 25 25 25 25 51 51 30 60 60 90 90 200 200 300 300 02 02 05 15 17 25 26 28 29 49 51 52 53 57 64 69 69 71 73 78 79 83 83 86 88 92 99 16 02 02 05 15 17 25 26 28 29 49 51 52 53 57 64 69 69 71 73 78 79 83 83 86 88 92 99 16 51 71 02 02 52 92 53 73 83 83 64 05 15 25 26 86 17 57 28 78 88 29 49 69 69 79 99 2025 10 23 123 123 23 10 2025 33 33 64 64 33 012 012 123 30 123 60 60 123 90 90 123 100 100 123 200 200 123 2025 10 23 23 10 2025 5116 5116 5116 2025 10 23 2022 08 26 530 50 80420 2025 09 23 530 50 10 23 10 2025 10 22 10 2025 10 21 10 2025 50 311 130 99 100 99 65 50 311 130 100 100 100 2025 08 30 311 150 2025 10 08 311 150 2025 10 08 311 150 99959 24 10 2025 99958 24 10 2025 99957 24 10 2025 99956 24 10 2025 99955 23 10 2025 99954 23 10 2025 99953 23 10 2025 99952 23 10 2025 99951 22 10 2025 99950 22 10 2025 2025 10 10 23323 2023 07 21 2024 09 25 311 150 50 311 130 2025 09 09 311 150 2025 03 31 311 150 50 311 160 160 2017 2024 08 14 200 200 2025 10 06 999 200 200
2025-10-24,123 2024 29 01 16 14 2025 123 1024 200 200 123 123 10 03 123 45 55 24 15 90 2024 06 24 639 80 10 100 153 153 255 255 255 255 255 255 099 5000 10 2024 06 24 1072 50 10 2024 06 24 1072 50 10 2024 06 24 1072 50 10 2025 10 07 1072 50 10 2025 08 28 999 1072 50 10 2025 08 28 999 1072 50 10 2024 08 26 1072 50 10 2024 08 04 1072 50 10 2024 08 02 1072 50 10 2025 08 18 1072 50 10 2024 08 26 1072 50 10 100 2025 08 31 1072 50 10 2025 08 31 1072 50 10 2025 08 31 1072 50 10 2025 09 15 1072 50 10 2025 10 01 1072 50 10 2025 04 19 1072 50 10 2025 04 19 1072 50 10 2025 03 22 900 99 1072 50 10 2025 03 22 900 99 1072 50 10 2024 06 24 1072 50 10 2024 06 24 1072 50 10 2025 08 24 1072 50 24 10 2025 2025 09 22 204 200 123 123 45 123 123 100 1848 2025 07 25 200 300 2024 08 02 200 300 2025 09 09 200 300 58786 2025 07 25 200 300 2025 09 09 200 300 2025 07 12 200 300 48300 2025 07 25 200 300 2024 12 16 200 300 200 300 2024 12 14 300 200 300 100 32 95 32 95 32 95 10 24 10 2025 10 24 10 2025 16 100 16 100 01564 01564 16 100 24940 24940 16 50 32139 32139 50 92425 92425 16 33 26279 26279 33 52772 52772 33 66719 66719 33 96166 96166 33 42423 42423 33 63106 63106 16 25 8096 8096 25 6984 6984 25 5242 5242 25 5787 5787 16 33 9601 9601 33 1816 1816 33 2744 2744 33 0901 0901 33 2044 2044 33 7168 7168 16 33 561 561 33 419 419 33 324 324 16 25 40 40 25 27 27 25 85 85 25 82 82 30 60 60 90 90 200 200 300 300 01 01 06 16 19 19 23 24 25 27 39 40 40 42 44 44 61 64 66 68 72 79 82 84 85 87 96 16 01 01 06 16 19 19 23 24 25 27 39 40 40 42 44 44 61 64 66 68 72 79 82 84 85 87 96 16 40 40 01 01 61 42 72 82 23 24 44 44 64 84 25 85 06 16 66 96 27 87 68 19 19 39 79 2025 10 24 123 123 24 10 2025 33 33 66 66 33 646 646 123 30 123 60 60 123 90 90 123 100 100 123 200 200 123 2025 10 24 24 10 2025 7698 7698 7698 2025 10 24 2022 08 26 530 50 80420 2025 09 23 530 50 10 24 10 2025 10 23 10 2025 10 22 10 2025 50 311 130 99 100 99 65 50 311 130 100 100 100 2025 08 30 311 150 2025 10 08 311 150 2025 10 08 311 150 99963 25 10 2025 99962 25 10 2025 99961 25 10 2025 99960 24 10 2025 99959 24 10 2025 99958 24 10 2025 99957 24 10 2025 99956 24 10 2025 99955 23 10 2025 99954 23 10 2025 2025 10 10 23323 2023 07 21 2024 09 25 311 150 50 311 130 2025 09 09 311 150 2025 03 31 311 150 50 311 160 160 2017 2024 08 14 200 200 2025 10 06 999 200 200
2025-10-25,123 2024 29 01 16 14 2025 123 1024 200 200 123 123 10 03 123 45 55 24 15 90 2024 06 24 639 80 10 100 153 153 255 255 255 255 255 255 099 5000 10 2024 06 24 1072 50 10 2024 06 24 1072 50 10 2024 06 24 1072 50 10 2025 10 07 1072 50 10 2025 08 28 999 1072 50 10 2025 08 28 999 1072 50 10 2024 08 26 1072 50 10 2024 08 04 1072 50 10 2024 08 02 1072 50 10 2025 08 18 1072 50 10 2024 08 26 1072 50 10 100 2025 08 31 1072 50 10 2025 08 31 1072 50 10 2025 08 31 1072 50 10 2025 09 15 1072 50 10 2025 10 01 1072 50 10 2025 04 19 1072 50 10 2025 04 19 1072 50 10 2025 03 22 900 99 1072 50 10 2025 03 22 900 99 1072 50 10 2024 06 24 1072 50 10 2024 06 24 1072 50 10 2025 08 24 1072 50 25 10 2025 2025 09 22 204 200 123 123 55 123 123 100 1848 2025 07 25 200 300 2024 08 02 200 300 2025 09 09 200 300 58786 2025 07 25 200 300 2025 10 24 200 300 2025 07 12 200 300 48300 2025 07 25 200 300 2024 12 16 200 300 200 300 2024 12 14 300 200 300 100 32 95 32 95 32 95 10 25 10 2025 10 25 10 2025 16 100 16 100 77962 77962 16 100 82883 82883 16 50 36158 36158 50 49284 49284 16 33 19413 19413 33 45519 45519 33 51065 51065 33 73373 73373 33 86522 86522 33 73333 73333 16 25 7939 7939 25 5592 5592 25 3142 3142 25 4474 4474 16 33 8506 8506 33 8522 8522 33 7564 7564 33 5894 5894 33 2443 2443 33 2176 2176 16 33 493 493 33 852 852 33 317 317 16 25 87 87 25 65 65 25 52 52 25 99 99 30 60 60 90 90 200 200 300 300 06 13 17 19 22 22 33 39 42 43 52 52 58 62 64 65 65 73 74 76 83 84 87 92 93 94 99 16 06 13 17 19 22 22 33 39 42 43 52 52 58 62 64 65 65 73 74 76 83 84 87 92 93 94 99 16 22 22 42 52 52 62 92 13 33 43 73 83 93 64 74 84 94 65 65 06 76 17 87 58 19 39 99 2025 10 25 123 123 25 10 2025 33 33 37 37 33 934 934 123 30 123 60 60 123 90 90 123 100 100 123 200 200 123 2025 10 25 25 10 2025 16 67 02 02 16 67 05 05 16 67 08 08 16 67 15 15 16 67 18 18 16 67 32 32 30 60 60 90 90 100 100 200 200 636 2025 10 25 25 10 2025 5179 5179 5179 2025 10 25 2022 08 26 530 50 80420 2025 09 23 530 50 10 25 10 2025 10 24 10 2025 10 23 10 2025 50 311 130 99 100 99 65 50 311 130 100 100 100 2025 08 30 311 150 2025 10 08 311 150 2025 10 08 311 150 99971 26 10 2025 99970 26 10 2025 99969 26 10 2025 99968 25 10 2025 99967 26 10 2025 99966 25 10 2025 99963 25 10 2025 99962 25 10 2025 99961 25 10 2025 99960 24 10 2025 2025 10 10 23323 2023 07 21 2024 09 25 311 150 50 311 130 2025 09 09 311 150 2025 03 31 311 150 50 311 160 160 2017 2024 08 14 200 200 2025 10 06 999 200 200
2025-10-26,123 2024 29 01 16 14 2025 123 1024 200 200 123 123 10 03 123 45 55 24 15 90 2024 06 24 639 80 10 100 153 153 255 255 255 255 255 255 099 5000 10 2024 06 24 1072 50 10 2024 06 24 1072 50 10 2024 06 24 1072 50 10 2025 10 07 1072 50 10 2025 08 28 999 1072 50 10 2025 08 28 999 1072 50 10 2024 08 26 1072 50 10 2024 08 04 1072 50 10 2024 08 02 1072 50 10 2025 08 18 1072 50 10 2024 08 26 1072 50 10 100 2025 08 31 1072 50 10 2025 08 31 1072 50 10 2025 08 31 1072 50 10 2025 09 15 1072 50 10 2025 10 01 1072 50 10 2025 04 19 1072 50 10 2025 04 19 1072 50 10 2025 03 22 900 99 1072 50 10 2025 03 22 900 99 1072 50 10 2024 06 24 1072 50 10 2024 06 24 1072 50 10 2025 08 24 1072 50 26 10 2025 2025 09 22 204 200 123 123 45 123 123 100 1848 2025 07 25 200 300 2024 08 02 200 300 2025 09 09 200 300 58786 2025 07 25 200 300 2025 10 24 200 300 2025 07 12 200 300 48300 2025 07 25 200 300 2024 12 16 200 300 200 300 2024 12 14 300 200 300 100 32 95 32 95 32 95 10 26 10 2025 10 26 10 2025 16 100 16 100 38410 38410 16 100 50116 50116 16 50 73120 73120 50 60383 60383 16 33 53954 53954 33 68587 68587 33 80920 80920 33 59315 59315 33 43695 43695 33 88291 88291 16 25 1849 1849 25 3395 3395 25 7827 7827 25 8488 8488 16 33 7306 7306 33 1430 1430 33 9251 9251 33 8627 8627 33 3099 3099 33 9446 9446 16 33 838 838 33 475 475 33 406 406 16 25 69 69 25 68 68 25 57 57 25 27 27 30 60 60 90 90 200 200 300 300 06 06 10 15 16 20 20 27 27 27 30 38 46 49 51 54 57 68 69 75 83 87 88 91 95 95 99 16 06 06 10 15 16 20 20 27 27 27 30 38 46 49 51 54 57 68 69 75 83 87 88 91 95 95 99 16 10 20 20 30 51 91 83 54 15 75 95 95 06 06 16 46 27 27 27 57 87 38 68 88 49 69 99 2025 10 26 123 123 26 10 2025 33 33 99 99 33 690 690 123 30 123 60 60 123 90 90 123 100 100 123 200 200 123 2025 10 26 26 10 2025 1289 1289 1289 2025 10 26 2022 08 26 530 50 80420 2025 09 23 530 50 10 26 10 2025 10 25 10 2025 10 24 10 2025 50 311 130 99 100 99 65 50 311 130 100 100 100 2025 08 30 311 150 2025 10 08 311 150 2025 10 08 311 150 99977 27 10 2025 99976 27 10 2025 99975 27 10 2025 99974 27 10 2025 99973 27 10 2025 99972 44 27 02 11 2025 99971 26 10 2025 99970 26 10 2025 99969 26 10 2025 99968 25 10 2025 2025 10 10 23323 2023 07 21 2024 09 25 311 150 50 311 130 2025 09 09 311 150 2025 03 31 311 150 50 311 160 160 2017 2024 08 14 200 200 2025 10 06 999 200 200
2025-10-27,123 2024 29 01 16 14 2025 123 1024 200 200 123 123 10 03 123 45 55 24 15 90 2024 06 24 639 80 10 100 153 153 255 255 255 255 255 255 099 5000 10 2024 06 24 1072 50 10 2024 06 24 1072 50 10 2024 06 24 1072 50 10 2025 10 07 1072 50 10 2025 08 28 999 1072 50 10 2025 08 28 999 1072 50 10 2024 08 26 1072 50 10 2024 08 04 1072 50 10 2024 08 02 1072 50 10 2025 08 18 1072 50 10 2024 08 26 1072 50 10 100 2025 08 31 1072 50 10 2025 08 31 1072 50 10 2025 08 31 1072 50 10 2025 09 15 1072 50 10 2025 10 01 1072 50 10 2025 04 19 1072 50 10 2025 04 19 1072 50 10 2025 03 22 900 99 1072 50 10 2025 03 22 900 99 1072 50 10 2024 06 24 1072 50 10 2024 06 24 1072 50 10 2025 08 24 1072 50 27 10 2025 2025 09 22 204 200 123 123 123 123 100 1848 2025 07 25 200 300 2024 08 02 200 300 2025 09 09 200 300 58786 2025 07 25 200 300 2025 10 24 200 300 2025 07 12 200 300 48300 2025 07 25 200 300 2024 12 16 200 300 200 300 2024 12 14 300 200 300 100 32 95 32 95 32 95 10 27 10 2025 10 27 10 2025 16 100 16 100 02583 02583 16 100 51627 51627 16 50 60558 60558 50 47672 47672 16 33 02801 02801 33 14597 14597 33 21883 21883 33 45523 45523 33 97388 97388 33 94346 94346 16 25 4482 4482 25 8411 8411 25 9993 9993 25 2471 2471 16 33 5291 5291 33 1628 1628 33 8422 8422 33 7668 7668 33 0166 0166 33 6454 6454 16 33 592 592 33 349 349 33 036 036 16 25 26 26 25 35 35 25 02 02 25 99 99 30 60 60 90 90 200 200 300 300 01 02 11 22 23 26 27 28 35 36 46 49 54 58 66 68 71 72 82 83 83 88 91 92 93 97 99 16 01 02 11 22 23 26 27 28 35 36 46 49 54 58 66 68 71 72 82 83 83 88 91 92 93 97 99 16 01 11 71 91 02 22 72 82 92 23 83 83 93 54 35 26 36 46 66 27 97 28 58 68 88 49 99 2025 10 27 123 123 27 10 2025 33 33 17 17 33 546 546 123 30 123 60 60 123 90 90 123 100 100 123 200 200 123 2025 10 27 27 10 2025 0280 0280 0280 2025 10 27 2022 08 26 530 50 80420 2025 09 23 530 50 10 27 10 2025 10 26 10 2025 10 25 10 2025 50 311 130 99 100 99 65 50 311 130 100 100 100 2025 08 30 311 150 2025 10 08 311 150 2025 10 08 311 150 99982 28 10 2025 99981 28 10 2025 99980 28 10 2025 99979 28 10 2025 99978 27 10 2025 99977 27 10 2025 99976 27 10 2025 99975 27 10 2025 99974 27 10 2025 99973 27 10 2025 2025 10 10 23323 2023 07 21 2024 09 25 311 150 50 311 130 2025 09 09 311 150 2025 03 31 311 150 50 311 160 160 2017 2024 08 14 200 200 2025 10 06 999 200 200
2025-10-28,123 2024 29 01 16 14 2025 123 1024 200 200 123 123 10 03 123 45 55 24 15 90 2024 06 24 639 80 10 100 153 153 255 255 255 255 255 255 099 5000 10 2024 06 24 1072 50 10 2024 06 24 1072 50 10 2024 06 24 1072 50 10 2025 10 07 1072 50 10 2025 08 28 999 1072 50 10 2025 08 28 999 1072 50 10 2024 08 26 1072 50 10 2024 08 04 1072 50 10 2024 08 02 1072 50 10 2025 08 18 1072 50 10 2024 08 26 1072 50 10 100 2025 08 31 1072 50 10 2025 08 31 1072 50 10 2025 08 31 1072 50 10 2025 09 15 1072 50 10 2025 10 01 1072 50 10 2025 04 19 1072 50 10 2025 04 19 1072 50 10 2025 03 22 900 99 1072 50 10 2025 03 22 900 99 1072 50 10 2024 06 24 1072 50 10 2024 06 24 1072 50 10 2025 08 24 1072 50 28 10 2025 2025 09 22 204 200 123 123 55 123 123 100 1848 2025 07 25 200 300 2024 08 02 200 300 2025 09 09 200 300 58786 2025 07 25 200 300 2025 10 24 200 300 2025 07 12 200 300 48300 2025 07 25 200 300 2024 12 16 200 300 200 300 2024 12 14 300 200 300 100 32 95 32 95 32 95 10 28 10 2025 10 28 10 2025 16 100 16 100 62908 62908 16 100 83168 83168 16 50 55444 55444 50 80601 80601 16 33 52605 52605 33 78612 78612 33 73974 73974 33 60673 60673 33 26116 26116 33 79933 79933 16 25 0667 0667 25 6227 6227 25 4323 4323 25 9634 9634 16 33 3969 3969 33 4428 4428 33 5803 5803 33 3598 3598 33 7625 7625 33 3027 3027 16 33 071 071 33 757 757 33 748 748 16 25 63 63 25 76 76 25 38 38 25 32 32 30 60 60 90 90 200 200 300 300 01 03 05 08 12 16 23 25 27 27 28 32 33 34 38 44 48 57 63 67 68 69 71 73 74 76 98 16 01 03 05 08 12 16 23 25 27 27 28 32 33 34 38 44 48 57 63 67 68 69 71 73 74 76 98 16 01 71 12 32 03 23 33 63 73 34 44 74 05 25 16 76 27 27 57 67 08 28 38 48 68 98 69 2025 10 28 123 123 28 10 2025 33 33 14 14 33 373 373 123 30 123 60 60 123 90 90 123 100 100 123 200 200 123 2025 10 28 28 10 2025 8565 8565 8565 2025 10 28 2022 08 26 530 50 80420 2025 09 23 530 50 10 28 10 2025 10 27 10 2025 10 26 10 2025 50 311 130 99 100 99 65 50 311 130 100 100 100 2025 08 30 311 150 2025 10 08 311 150 2025 10 08 311 150 99985 29 10 2025 99984 29 10 2025 99983 29 10 2025 99982 28 10 2025 99981 28 10 2025 99980 28 10 2025 99979 28 10 2025 99978 27 10 2025 99977 27 10 2025 99976 27 10 2025 2025 10 10 23323 2023 07 21 2024 09 25 311 150 50 311 130 2025 09 09 311 150 2025 03 31 311 150 50 311 160 160 2017 2024 08 14 200 200 2025 10 06 999 200 200
2025-10-29,123 2024 29 01 16 14 2025 123 1024 200 200 123 123 10 03 123 45 55 24 15 90 2024 06 24 639 80 10 100 153 153 255 255 255 255 255 255 099 5000 10 2024 06 24 1072 50 10 2024 06 24 1072 50 10 2024 06 24 1072 50 10 2025 10 07 1072 50 10 2025 08 28 999 1072 50 10 2025 08 28 999 1072 50 10 2024 08 26 1072 50 10 2024 08 04 1072 50 10 2024 08 02 1072 50 10 2025 08 18 1072 50 10 2024 08 26 1072 50 10 100 2025 08 31 1072 50 10 2025 08 31 1072 50 10 2025 08 31 1072 50 10 2025 09 15 1072 50 10 2025 10 01 1072 50 10 2025 04 19 1072 50 10 2025 04 19 1072 50 10 2025 03 22 900 99 1072 50 10 2025 03 22 900 99 1072 50 10 2024 06 24 1072 50 10 2024 06 24 1072 50 10 2025 08 24 1072 50 29 10 2025 2025 09 22 204 200 123 123 45 123 123 100 1848 2025 07 25 200 300 2024 08 02 200 300 2025 09 09 200 300 58786 2025 07 25 200 300 2025 10 24 200 300 2025 07 12 200 300 48300 2025 07 25 200 300 2024 12 16 200 300 200 300 2024 12 14 300 200 300 100 32 95 32 95 32 95 10 29 10 2025 10 29 10 2025 16 100 16 100 70473 70473 16 100 34309 34309 16 50 58049 58049 50 67024 67024 16 33 93693 93693 33 78612 78612 33 94855 94855 33 58964 58964 33 16816 16816 33 66156 66156 16 25 8798 8798 25 4905 4905 25 1322 1322 25 4565 4565 16 33 2631 2631 33 8363 8363 33 6264 6264 33 9813 9813 33 7290 7290 33 7837 7837 16 33 227 227 33 094 094 33 356 356 16 25 35 35 25 79 79 25 97 97 25 30 30 30 60 60 90 90 200 200 300 300 05 09 12 13 16 22 24 27 30 31 35 37 49 55 56 56 63 64 64 65 73 79 90 93 94 97 98 16 05 09 12 13 16 22 24 27 30 31 35 37 49 55 56 56 63 64 64 65 73 79 90 93 94 97 98 16 30 90 31 12 22 13 63 73 93 24 64 64 94 05 35 55 65 16 56 56 27 37 97 98 09 49 79 2025 10 29 123 123 29 10 2025 33 33 40 40 33 116 116 123 30 123 60 60 123 90 90 123 100 100 123 200 200 123 2025 10 29 29 10 2025 16 67 09 09 16 67 11 11 16 67 22 22 16 67 23 23 16 67 24 24 16 67 31 31 30 60 60 90 90 100 100 200 200 636 2025 10 29 29 10 2025 0037 0037 0037 2025 10 29 2022 08 26 530 50 80420 2025 09 23 530 50 10 29 10 2025 10 28 10 2025 10 27 10 2025 50 311 130 99 100 99 65 50 311 130 100 100 100 2025 08 30 311 150 2025 10 08 311 150 2025 10 08 311 150 99990 30 10 2025 99989 30 10 2025 99988 30 10 2025 99987 29 10 2025 99986 29 10 2025 99985 29 10 2025 99984 29 10 2025 99983 29 10 2025 99982 28 10 2025 99981 28 10 2025 2025 10 10 23323 2023 07 21 2024 09 25 311 150 50 311 130 2025 09 09 311 150 2025 03 31 311 150 50 311 160 160 2017 2024 08 14 200 200 2025 10 06 999 200 200
2025-10-30,123 2024 29 01 16 14 2025 123 1024 200 200 123 123 10 03 123 45 55 24 15 90 2024 06 24 639 80 10 100 153 153 255 255 255 255 255 255 099 5000 10 2024 06 24 1072 50 10 2024 06 24 1072 50 10 2024 06 24 1072 50 10 2025 10 07 1072 50 10 2025 08 28 999 1072 50 10 2025 08 28 999 1072 50 10 2024 08 26 1072 50 10 2024 08 04 1072 50 10 2024 08 02 1072 50 10 2025 08 18 1072 50 10 2024 08 26 1072 50 10 100 2025 08 31 1072 50 10 2025 08 31 1072 50 10 2025 08 31 1072 50 10 2025 09 15 1072 50 10 2025 10 01 1072 50 10 2025 04 19 1072 50 10 2025 04 19 1072 50 10 2025 03 22 900 99 1072 50 10 2025 03 22 900 99 1072 50 10 2024 06 24 1072 50 10 2024 06 24 1072 50 10 2025 08 24 1072 50 30 10 2025 2025 09 22 204 200 123 123 55 123 123 100 1848 2025 07 25 200 300 2024 08 02 200 300 2025 09 09 200 300 58786 2025 07 25 200 300 2025 10 24 200 300 2025 07 12 200 300 48300 2025 07 25 200 300 2024 12 16 200 300 200 300 2024 12 14 300 200 300 100 32 95 32 95 32 95 10 30 10 2025 10 30 10 2025 16 100 16 100 29788 29788 16 100 14149 14149 16 50 64601 64601 50 53574 53574 16 33 02137 02137 33 99734 99734 33 69400 69400 33 46258 46258 33 78814 78814 33 25653 25653 16 25 6793 6793 25 0442 0442 25 0857 0857 25 1412 1412 16 33 7756 7756 33 5910 5910 33 5572 5572 33 0750 0750 33 2465 2465 33 1030 1030 16 33 550 550 33 419 419 33 117 117 16 25 76 76 25 92 92 25 49 49 25 24 24 30 60 60 90 90 200 200 300 300 00 01 10 12 14 17 19 24 30 34 37 42 49 49 50 50 53 56 57 58 65 72 74 76 88 92 93 16 00 01 10 12 14 17 19 24 30 34 37 42 49 49 50 50 53 56 57 58 65 72 74 76 88 92 93 16 00 10 30 50 50 01 12 42 72 92 53 93 14 24 34 74 65 56 76 17 37 57 58 88 19 49 49 2025 10 30 123 123 30 10 2025 33 33 70 70 33 329 329 123 30 123 60 60 123 90 90 123 100 100 123 200 200 123 2025 10 30 30 10 2025 6516 6516 6516 2025 10 30 2022 08 26 530 50 80420 2025 09 23 530 50 10 30 10 2025 10 29 10 2025 10 28 10 2025 50 311 130 99 100 99 65 50 311 130 100 100 100 2025 08 30 311 150 2025 10 08 311 150 2025 10 08 311 150 99993 31 10 2025 99992 30 10 2025 99991 30 10 2025 99990 30 10 2025 99989 30 10 2025 99988 30 10 2025 99987 29 10 2025 99986 29 10 2025 99985 29 10 2025 99984 29 10 2025 2025 10 10 23323 2023 07 21 2024 09 25 311 150 50 311 130 2025 09 09 311 150 2025 03 31 311 150 50 311 160 160 2017 2024 08 14 200 200 2025 10 06 999 200 200
